"participant_ID","gender","age","bothered_about_poor_IQ","student"
"0041a13f-20b7-479b-8fb0-beabbfebaa2f","male",19,"annoyed",TRUE
"78d138b4-7ed0-451b-8b3b-5c62e6f27f09","female",20,"slightly annoyed",TRUE
"bd48a9f2-fda9-48a8-9f53-63ee2e1f6238","female",19,"annoyed",TRUE
"462c9e97-af65-4bbc-9411-14c40a436206","male",20,"very annoyed",TRUE
"f6e902a3-c20f-4ee5-9127-f57b5d063538","female",19,"very annoyed",TRUE
"0dbc43d5-cbdd-41be-acc4-9f3c6289adb6","female",19,"annoyed",TRUE
"364c7299-6249-40fd-9d08-93e9914c9022","male",20,"I can't say",TRUE
"bafc6755-b725-46b9-b593-a18474a9606b","male",19,"annoyed",TRUE
"fcba25ef-fc70-4f6c-b32b-3f56c8441ce7","male",20,"slightly annoyed",TRUE
"13f052f4-e592-4937-bc48-0a02408d09cd","male",19,"very annoyed",TRUE
"16248dd4-1047-4756-81aa-790e520315fa","male",19,"very annoyed",TRUE
"439f7bae-3c64-4a10-8f0b-7a89b1bb3863","male",19,"very annoyed",TRUE
"5ef74ac8-3e1a-43d1-a6c9-94791d0e4252","female",19,"very annoyed",TRUE
"6bd2b0db-2fd6-4764-9177-e6bf0dcf0191","male",19,"very annoyed",TRUE
"75dcb689-a18e-40ff-94b5-fdaaf47e5880","male",19,"annoyed",TRUE
"831f3dc0-26ee-40e8-8b4b-175972aab66b","male",32,"very annoyed",FALSE
"a87f1f48-4da6-48b9-9a03-4f0a73034bfa","male",19,"very annoyed",TRUE
"b4a227f7-6157-4f64-bfb4-e40ef490d6d8","female",20,"very annoyed",TRUE
"fd137227-f20e-45c5-8e6c-42cce632779d","male",21,"annoyed",TRUE
"74bc3b03-4164-4fb7-9065-e3a63fa4006f","male",19,"slightly annoyed",TRUE
"8592999c-b334-4bb9-a593-c3bb178d9e19","male",19,"very annoyed",TRUE
"9f1a5c9c-4465-4687-a96b-ec2a3838616a","female",19,"very annoyed",TRUE
"a8318a02-8430-4454-8271-75fb8e7f1c28","male",19,"annoyed",FALSE
"acad82d8-27c4-41cb-b629-7f343f128de6","female",20,"annoyed",FALSE
"16c6666b-e216-494f-b82e-c590991ad4a3","male",19,"very annoyed",TRUE
"f869a9fd-1391-4889-a134-ed5fb7bcba41","male",26,"very annoyed",FALSE
"1cf8d016-e7ce-4612-87f1-11b9c53483ba","male",19,"very annoyed",TRUE
"29d4c5c3-bf2a-4c25-a923-d7a9f9ecd916","female",19,"very annoyed",TRUE
"2e4b0ba7-b0a4-48b0-ad3a-a0fb2ac854a4","female",20,"annoyed",TRUE
"3645e09d-988f-47af-ae21-22e12e41d693","male",19,"very annoyed",TRUE
"37db871d-fdf8-4f80-8ca0-3d7a5bbde4ea","male",19,"annoyed",TRUE
"4e0937b9-c1f6-4512-9a3f-396bc3309fa3","male",20,"annoyed",TRUE
"6a83d89f-1d43-4d52-a647-e9f0435dade3","male",19,"very annoyed",TRUE
"7ae59ec3-36df-46fe-8c10-655547c7f2ed","female",18,"I can't say",FALSE
"7af56db6-babf-4ab8-8eb2-e4635cf1ccc9","female",22,"very annoyed",FALSE
"7b8afc58-811d-4ed6-b314-d37b0186000c","male",19,"very annoyed",TRUE
"9d1f7cae-9f32-4c62-963f-135181b6a330","male",19,"annoyed",TRUE
"b2e6d3c0-7fbd-488b-a4b4-db75ced91ed1","male",19,"I can't say",TRUE
"c3ca6720-325a-456e-a985-474215a21907","male",19,"slightly annoyed",TRUE
"c5800e62-0296-49ee-83f5-c069fde501f1","male",45,"annoyed",FALSE
"dc146119-439f-4995-b908-6a2976880407","male",19,"very annoyed",TRUE
"f2e39705-f727-4f6e-8507-e9882c6c9365","male",19,"annoyed",TRUE
"f49750e1-c587-4b7f-b347-17920da95c94","male",19,"very annoyed",TRUE
"f95671f0-b76a-4165-b9c7-ee106bd479b4","female",19,"slightly annoyed",TRUE
"0b942064-dabb-48f3-b559-43ed551c730c","female",19,"annoyed",TRUE
"26e8eebc-5d40-43f8-8da7-5a192f14e939","female",23,"very annoyed",FALSE
"4393ded7-d75c-4939-821a-0f8cbd7ec040","male",19,"very annoyed",TRUE
"4d55c942-7e1b-4845-a56d-8ae2a0098c44","male",19,"annoyed",TRUE
"5263eb85-fda8-4a14-921e-e5eb2d21bf51","male",19,"slightly annoyed",TRUE
"583095b4-2c47-45b4-9968-7dd1e5cd9e76","male",19,"slightly annoyed",TRUE
"7e08e7e8-9d2d-47c8-91c0-f541c43b4fce","male",19,"annoyed",TRUE
"9ad70511-30a2-4c09-b6a3-b797486b57af","male",19,"slightly annoyed",TRUE
"a7690ec4-c3a5-45c0-8d28-6bb5fe8f6ebc","male",19,"very annoyed",TRUE
"b3fa2bfe-a0ed-4ebd-b7bf-90bf005cde68","male",19,"very annoyed",TRUE
"ccb830e1-c594-45bc-8636-5434cbd88db0","male",20,"annoyed",TRUE
"ea914303-9983-4383-8f2f-c34b070b2897","male",19,"I can't say",TRUE
"f1609425-2ae0-4c6c-b7d2-c8ea5c264422","male",19,"slightly annoyed",TRUE
"fd8ba9df-b964-4f69-9880-442f4fb2ace7","male",19,"slightly annoyed",TRUE
"04b74817-ca11-4f7d-b658-23c60eb4e432","male",19,"very annoyed",TRUE
"09d9b03e-534f-48bd-924b-0e1e63d9c832","male",19,"annoyed",TRUE
"0cd49a06-536e-48bd-905b-9f55e5c4dee4","female",19,"annoyed",TRUE
"101d7b16-0a0a-44dc-8985-c85da5af776f","male",19,"annoyed",TRUE
"105045d1-e94a-45ec-9469-ee2b64d97ad1","male",19,"annoyed",TRUE
"11b9473f-641a-430f-b81e-0c189057d755","male",18,"slightly annoyed",FALSE
"1240753f-6c3d-4f95-b66d-a622e0cb6732","male",19,"slightly annoyed",TRUE
"138e93dc-f4b3-481f-8bb0-6256382e0e1b","male",19,"very annoyed",TRUE
"13dfb4f0-6b57-4490-a096-49a03d74f146","female",20,"annoyed",TRUE
"1831a2ba-026c-41ad-82a0-ee64beca2d8e","male",19,"annoyed",FALSE
"1941c631-5023-460d-bcab-55d1e808e198","male",20,"very annoyed",TRUE
"1d48c904-7763-47f3-8a79-c42e93b8db76","male",19,"annoyed",TRUE
"20045440-5785-46f1-be2d-2a595d107e19","male",19,"very annoyed",TRUE
"22869a0e-7c8e-4fd3-b58e-e6d3bd7afe1d","male",19,"annoyed",TRUE
"262f092e-a9a5-44d7-affd-fbafc6fdaba7","male",19,"very annoyed",TRUE
"274b1a8c-cd67-483d-98a9-9737e39c025e","male",19,"annoyed",TRUE
"2b28175a-ca2b-46b1-9974-728c898944d5","male",19,"very annoyed",TRUE
"39d3041d-c32e-4123-ad31-2c1b00a50c28","male",19,"very annoyed",TRUE
"3adabf35-3c3e-431d-afbf-f565b6e239f3","female",20,"annoyed",TRUE
"434a0347-2210-42d3-9d42-f1810cd12093","male",19,"slightly annoyed",TRUE
"4bcfe7ea-15ee-42cf-820a-1a8854762012","male",20,"annoyed",TRUE
"5b5dc523-5fab-4363-99d3-d3b0eec81615","male",19,"very annoyed",TRUE
"5e862b48-8aa2-46f3-8698-094cd315ae9d","male",19,"very annoyed",TRUE
"64955322-d376-4ea4-a2b6-115de1e437d2","male",19,"very annoyed",TRUE
"64a5ce0e-4d2a-4858-b120-2d2f976ebeef","male",19,"not annoyed",TRUE
"6b8a5614-a63b-4c45-b145-2438ba74362a","male",21,"annoyed",TRUE
"6d1730b4-ee7d-4a7a-a869-a4b37a3dce9b","male",19,"annoyed",TRUE
"72439b61-4a9c-4f2c-b12c-79d05586522c","male",20,"I can't say",FALSE
"769463e9-e5bd-442a-b6c3-4f33b1f98c08","male",19,"annoyed",TRUE
"7a2e8d9c-9d10-4964-ae95-dbf54a2ff803","male",19,"annoyed",TRUE
"7b5d299b-096d-45ac-b01a-b154b9569517","female",19,"annoyed",TRUE
"7ce6d6b5-9b3e-40e4-9daf-54b2af7480e6","male",19,"very annoyed",TRUE
"88445d1d-f313-4bac-a256-73c6f32cf9ac","male",19,"annoyed",TRUE
"889370ad-a8d2-4f39-acbd-810b0d6c0296","male",19,"very annoyed",TRUE
"8fbc68ea-478a-4efe-8ccf-229393f86cd5","male",20,"annoyed",TRUE
"92a80b40-8a17-478f-a76d-4a3f377cc44f","male",19,"annoyed",TRUE
"92eb0519-ba39-4a3d-b59f-29942b1a91f3","male",19,"very annoyed",TRUE
"98a27903-9e9c-4bf8-a5de-ba13dde8d4cd","male",20,"slightly annoyed",TRUE
"9e583409-0399-4b9a-9822-8b0aa45767c1","female",20,"very annoyed",TRUE
"a0c7387a-04f9-4df9-980e-79b138dd8047","male",19,"very annoyed",TRUE
"a21378f1-bc99-4686-adf4-b8c35a10544c","male",19,"slightly annoyed",TRUE
"a2e437e6-322f-4cdd-83b7-ef9c6ae9ea34","male",20,"I can't say",TRUE
"a67c78ff-ab0b-44bd-834c-c3b2d4030181","male",19,"annoyed",TRUE
"abcd8e3d-3523-4094-9b44-d2cc5e55f1d1","male",20,"annoyed",TRUE
"b4fc0445-e7e7-4f65-ac57-62bb9ede9e62","male",20,"slightly annoyed",TRUE
"bf9295ff-bc97-4f6f-9803-387ce58690eb","male",20,"annoyed",TRUE
"c010cf83-bfdf-45b2-86d9-d37e394ce589","male",20,"very annoyed",TRUE
"c2577514-8a21-40d7-8cb6-e775bf66ecbe","male",19,"very annoyed",TRUE
"c2ca4a2d-90d4-4a89-9e33-d5a2b08e6bf9","male",19,"annoyed",FALSE
"c5c73abe-254b-4250-8761-9e97c8b0bf96","male",20,"very annoyed",TRUE
"ca5c67ff-2844-4616-97d4-7a3eecd0a38a","male",19,"very annoyed",TRUE
"cbc22941-8538-4e3c-ae22-bdedcde379e6","male",19,"annoyed",TRUE
"cbed1705-482a-47a1-b722-0abbd8568400","male",20,"very annoyed",TRUE
"cf03f4d6-882e-48e2-91ce-84f201722e18","male",19,"slightly annoyed",TRUE
"d128782d-5ff0-4e41-8f45-e48504c9ed3c","male",19,"annoyed",TRUE
"d247ce12-a99e-4b0c-a048-8460542ff521","male",19,"annoyed",TRUE
"d3728002-3253-43f1-acaf-9857adc5fdea","male",20,"annoyed",TRUE
"d5aa612a-a4bc-4893-9110-20dc01c18393","male",19,"I can't say",TRUE
"d604853c-c411-488d-a6c3-04a8bbc6ce34","male",19,"slightly annoyed",TRUE
"dbb9bbb0-681a-4452-885d-d98a20e41ec1","male",18,"annoyed",FALSE
"e2088b9b-81f7-4c24-9a43-6c7b8b21af96","female",20,"annoyed",TRUE
"f15d765b-fd8f-4650-93f4-4ca8dcf9d578","male",20,"very annoyed",TRUE
"f530590a-0988-4dde-8ca1-05ab8d9bf57c","male",19,"annoyed",TRUE
"fa0e0897-83c1-45c8-a4ae-874bedc007ea","male",19,"very annoyed",TRUE
"fa932219-84e1-4a94-8cf8-c047b48aa548","male",19,"annoyed",TRUE
"fbcdaad5-2130-47fb-a799-ceba2ae45450","male",19,"very annoyed",TRUE
"0ad239e6-a959-4e82-92a5-981778b9d719","male",20,"annoyed",TRUE
"deb2cb55-e845-4d56-afb3-b95a2d7dc5ed","female",18,"annoyed",FALSE
"60b720ba-85fa-4286-a82d-9fbb8a11e5b0","female",24,"annoyed",FALSE
"b0c0f5b2-ca12-4258-9d35-f15a4496272a","male",20,"very annoyed",TRUE
"6cb8bbca-0e22-4355-a8a3-211c42d8df25","male",20,"very annoyed",TRUE
"d2e4bce3-44d7-46c9-ac67-c4aa2ba81c97","male",19,"very annoyed",TRUE
"dd21866c-c921-46b1-b7b2-3b07d2a57e17","male",19,"slightly annoyed",TRUE
"373d6156-b176-44d8-97bb-2ab9d15b0046","male",22,"I can't say",FALSE
"6c8b412a-ef19-4cd3-a67d-8a5847cacfb0","female",19,"very annoyed",TRUE
"7ca91fa8-12ec-4aeb-b8e1-3d6914684ec2","male",24,"annoyed",FALSE
"e8a5f8e3-01cd-4585-abe1-c980a1cf4613","male",20,"annoyed",TRUE
"55468a38-a254-464e-9296-c1663ea1a02d","male",19,"slightly annoyed",TRUE
"9d8f7433-5397-4b8b-b25d-a03b20309a15","female",22,"very annoyed",FALSE
"c61d317a-3140-4ba1-86ef-519cd5703725","male",20,"annoyed",TRUE
"899a9fa2-deac-43f1-9eb1-130d68d2cad7","male",19,"very annoyed",TRUE
"ae4f228c-4ac0-4413-9597-fd93457f7da5","male",19,"slightly annoyed",TRUE
"327f508a-da51-417f-aa16-586553abaea4","male",19,"very annoyed",TRUE
"40b54e2c-31f5-42cf-9197-bc01cf6e3ecb","male",20,"very annoyed",TRUE
"e32cde2d-24e2-4350-8a51-21fe41e75819","male",19,"annoyed",TRUE
"80a58353-c48e-425a-abb4-e6caf7b1df93","male",18,"slightly annoyed",FALSE
"ae48fe23-9605-499d-9540-927543779d30","female",19,"very annoyed",TRUE
"b07be811-370a-4fed-9cb3-ef75a7f0227b","male",19,"annoyed",TRUE
"c5bff1da-e2e7-4d60-9ffc-8026a682ff56","male",20,"annoyed",TRUE
"de23cc75-d5f9-4299-a69b-73495681f8a6","male",20,"very annoyed",TRUE
"f8a6d1be-0123-42a4-967e-54d20bd4df58","male",20,"annoyed",TRUE
"f91756cc-b1ac-4622-91f2-e8dcb48d018a","male",19,"very annoyed",TRUE
"29992d4d-0908-48d7-9c67-ca9fe8d6dad0","male",19,"very annoyed",TRUE
"3450afb4-bc18-4e08-8189-44dda1500c7e","male",19,"very annoyed",TRUE
"a3fa2227-d73d-4deb-90bf-87a62bfd10fe","female",19,"I can't say",TRUE
"cfa8f069-4593-40c0-8bc8-83ea1365a086","male",19,"slightly annoyed",TRUE
"fd1b46d9-7be8-4133-be54-aa033bce2a35","male",20,"very annoyed",TRUE
"a4d314b6-274b-4271-a557-01ed260c0bfb","male",20,"annoyed",TRUE
"d5bd096e-05b1-4ea4-8a4e-c538708ecb9f","male",20,"very annoyed",TRUE
"e21289e0-a683-4c27-86a3-03224daa80e4","female",19,"annoyed",TRUE
"ee0558fa-4dfc-4a24-bc9e-8ac85187dbb5","male",19,"annoyed",FALSE
"f9fa8d07-c972-4782-855d-94a22e2007d8","male",20,"annoyed",TRUE
"29a5139c-d515-412c-a3b6-fd9ed9a40978","male",19,"I can't say",TRUE
"2ab0046f-2e39-4147-8e6d-7855bff86d4e","male",19,"very annoyed",TRUE
"ab6123f9-788f-4911-9e97-863b25f5e5a7","male",20,"annoyed",TRUE
"09d26929-1c40-47d9-9c5f-bafcd101c81f","male",20,"very annoyed",TRUE
"1a70d1e2-91be-4697-906b-99fe57aebf9c","male",19,"annoyed",TRUE
"4303a350-64e8-47cd-a129-ae99e3c29d56","female",23,"annoyed",FALSE
"436fd8b6-9f48-424b-93d6-bc933378f848","male",21,"annoyed",TRUE
"526f0a26-d324-4a1d-93ef-8c20d6361f71","female",19,"annoyed",TRUE
"788d7959-2c14-4d41-9ad3-94c716c4ea4c","female",19,"annoyed",TRUE
"7ae6b713-cb37-4b5d-b28d-9571afdb6200","male",20,"slightly annoyed",TRUE
"83c13e29-d52f-44e0-8949-5ed3c54afbf7","male",19,"slightly annoyed",FALSE
"7d7cc63a-dfe6-4820-80c0-94d87699ac1b","female",20,"very annoyed",TRUE
"b688f9f9-0ef7-45ab-bb84-a53258927465","male",19,"annoyed",TRUE
"c0359f83-3e3e-4e7e-9af5-5b78632d9ddb","female",19,"annoyed",TRUE
"c6825e85-3a61-428d-9de9-e58b8e328806","male",20,"slightly annoyed",TRUE
"01f03325-ee84-4df5-ba19-5927bc80570d","male",19,"very annoyed",TRUE
"1997fcf8-f50b-4058-b8d9-cbe3787f5f98","male",19,"very annoyed",TRUE
"299d43f4-e114-46af-914a-2c355e5a7681","female",19,"very annoyed",TRUE
"3d9572d9-e3bb-498d-8701-dfb292c64d4f","male",19,"I can't say",TRUE
"5253b216-6d2f-4783-847e-c43dc40074fc","male",19,"I can't say",TRUE
"67a26a67-9769-43f4-8bca-c218bd9081be","female",20,"annoyed",TRUE
"7a343f1d-9013-4b2b-98c5-aea3a6d48a5f","male",19,"annoyed",TRUE
"8d13bf70-ff15-4e71-947b-f0f4a9e72bbd","male",19,"annoyed",TRUE
"97ef9fe5-65ea-4a02-92c5-14d910245f3b","male",20,"very annoyed",TRUE
"afa40b4c-e0e3-4d8a-9bfd-737dec7b3278","male",20,"annoyed",TRUE
"b2987764-f4c5-4eb5-a673-c598e31253d0","male",19,"very annoyed",TRUE
"c93edb9e-dc39-40fd-a038-eb2950a6e47a","male",19,"very annoyed",TRUE
"edb06dd7-b3d8-4bda-a015-c1015bcf7f49","male",19,"slightly annoyed",TRUE
"faf8d32b-17e9-4cf9-8f71-494ddbe3716b","male",19,"slightly annoyed",TRUE
"fd3c49b8-f460-4ce1-867d-e48d4131a7ee","male",19,"slightly annoyed",TRUE
"0bbefa0e-e7b9-4a9f-9231-616c2c12488f","male",19,"annoyed",TRUE
"0fa68b9b-67a4-440d-be95-1fe879a40eba","male",19,"very annoyed",TRUE
"1188e095-7ee1-44f3-a941-22f40a330e9f","male",19,"very annoyed",TRUE
"15e76593-e745-4b5a-bc47-74bf61921b07","male",20,"very annoyed",TRUE
"1ad4d6b5-7dfb-485a-bb9d-08208e45d866","male",19,"very annoyed",TRUE
"22d4ce1b-a8d3-45c4-9914-7f4959fab76c","female",19,"very annoyed",TRUE
"2bfcf2be-58e7-4f86-806c-2b9b84a74605","male",20,"annoyed",TRUE
"2d1a2da2-b680-4363-afbf-4c99f96682c1","female",19,"annoyed",TRUE
"394ccdc4-974a-4438-81aa-5b17195221f0","male",18,"very annoyed",FALSE
"3ab1825f-066c-48c0-84d6-41e12df5b382","male",19,"annoyed",TRUE
"3d8a98da-01b2-4228-8c03-c3e22342e89b","male",19,"annoyed",TRUE
"3def53de-a971-4497-9eaf-1d053b6fa94e","male",19,"annoyed",TRUE
"3ea978de-10b5-4de3-8422-b244e037f309","male",20,"annoyed",TRUE
"4bd115dc-d4c1-49d5-9a0d-39703ff97adb","male",20,"very annoyed",TRUE
"595bf87f-13ea-4b55-9257-3b47f97b727a","male",19,"very annoyed",TRUE
"5abac074-61cf-48ad-88b1-002ac13dc2f8","female",19,"annoyed",TRUE
"5e3ad7ae-9f57-4f13-bf9c-f39f0189c275","male",19,"very annoyed",TRUE
"61f84d0c-c3ab-4438-890e-3d3748898bfd","male",19,"very annoyed",TRUE
"64f0eda6-1dd3-42b5-b450-fb95e876e84a","female",19,"very annoyed",TRUE
"662b1a1e-1018-423d-ad2e-b900e1f9208c","male",19,"slightly annoyed",TRUE
"6ad18f1f-6452-4912-8c16-b33e595873dc","male",20,"slightly annoyed",FALSE
"72529f71-925a-4c16-814e-9d46e9b5a368","male",19,"very annoyed",TRUE
"72fc47da-02eb-43e3-9f6b-a0d5ab38e8ef","male",19,"I can't say",TRUE
"743810da-525d-4154-98f5-05aab1867e91","male",19,"I can't say",TRUE
"8d6009a5-4f58-417a-882a-7123f1b9e42f","male",19,"annoyed",TRUE
"8e5ba475-6cb7-44bf-98f3-56ec42cedc5b","male",19,"annoyed",TRUE
"90c481e5-4987-443a-bba0-063e8dcf4536","female",20,"annoyed",TRUE
"92987e82-b196-41eb-a4d8-3e6f3170301c","male",19,"annoyed",TRUE
"99d27c81-1c07-4196-8a3b-b1b39e91221f","male",20,"slightly annoyed",TRUE
"9af6c591-26db-4d8d-aa58-8b74b27250f3","male",19,"annoyed",TRUE
"9ee807d2-0c86-488d-9c58-0113603fbd89","male",19,"annoyed",TRUE
"9fbec099-a25f-4bba-bceb-67be9d33979b","male",20,"very annoyed",TRUE
"9fd27362-45ec-4587-b532-adaa7d75fd04","female",22,"very annoyed",FALSE
"a39ab1a3-c813-41af-880c-1fbc79016114","male",20,"not annoyed",TRUE
"a8bcc4d4-869f-476b-8795-0c181ca1e6f7","male",19,"very annoyed",TRUE
"ae9b1621-d3b2-49b6-85a6-e591beb0077e","female",20,"very annoyed",TRUE
"b05e80e9-4ad6-4b19-9275-5d5bb6f6ce95","male",19,"slightly annoyed",TRUE
"b42d0022-59ce-4990-813b-8dbf46bdcf38","male",19,"annoyed",TRUE
"b56d100e-073c-40aa-838f-1817f9e3eaff","male",19,"annoyed",FALSE
"b679ce95-5da4-4b7d-89ed-b3ff8f0636b2","female",22,"slightly annoyed",FALSE
"bfdfbbee-a070-476c-b400-d67c84d812fa","male",19,"very annoyed",TRUE
"c1292ae9-c229-4fdd-91a1-ebc3f81bbb27","male",19,"annoyed",TRUE
"ccb9c612-9262-41e9-9c8a-282a7c24dc52","male",20,"annoyed",TRUE
"d446346e-a655-4748-b615-514d5e61f813","female",19,"annoyed",TRUE
"d8c5f433-321b-4bde-8299-39404e7963c7","male",19,"annoyed",TRUE
"d9e4f36f-3a8a-4c33-827e-b36fa706634d","male",20,"annoyed",TRUE
"d9ea4b05-891a-4977-b286-756912f6e573","male",19,"annoyed",TRUE
"e0db9859-b230-4e1e-a811-ae5949f794a2","male",20,"slightly annoyed",TRUE
"e9877654-46ce-4d52-8786-cdee099419e9","male",20,"annoyed",TRUE
"eb4acf83-df44-4b8a-a874-96c6f445968d","male",19,"very annoyed",TRUE
"f50c8c1b-f8c9-4a27-86c5-3a2a8a6ccd55","male",19,"very annoyed",TRUE
"fbdb7496-5c1d-4b1b-b29c-ea7d21b6e8f8","male",19,"I can't say",TRUE
"fe9ab28d-38fb-449c-b95c-9ace5e6d1b3a","female",20,"annoyed",TRUE
"feb24ab0-b2de-496e-9c09-84cfdc289d96","male",19,"very annoyed",TRUE
"c0de2f19-044a-4c48-baa2-ec5390a1137c","male",19,"very annoyed",TRUE
"34bc49f5-1c6e-4d5d-99d6-4fa826697e3c","male",20,"very annoyed",TRUE
"cafbe4bc-0bd7-489d-9618-9ff59095034b","female",20,"very annoyed",TRUE
"7ce078bb-c377-47b2-a082-4cc67725bdf5","male",19,"annoyed",TRUE
"21707c27-924b-4229-ac71-a07898dcd97c","male",20,"very annoyed",TRUE
"149404ef-768d-4d23-8e61-abcc5c465935","male",19,"very annoyed",TRUE
"1d13b1df-e482-4044-bd70-00e4f423b4ca","male",20,"very annoyed",TRUE
"237c3ad5-edeb-47c3-9265-17fee661aa4d","male",19,"very annoyed",TRUE
"b0696d54-be46-4663-bb8d-c108759a776e","male",20,"very annoyed",TRUE
"7644c67c-1c1d-4b24-afa5-df9609c4aedb","female",19,"very annoyed",TRUE
"0fda0d28-a38c-4b41-b68e-e6e847d33ec5","male",20,"slightly annoyed",TRUE
"c0e8f677-d17f-4d81-9c41-403042fb08c0","male",19,"annoyed",TRUE
"08ea51ed-3238-44f8-b663-0d6d90ccbe82","male",19,"very annoyed",TRUE
"45b6f8a3-2c75-46cb-b057-29ba7726ac8b","male",20,"annoyed",TRUE
"6046840c-60e5-42d3-9b15-f4df6a5a658d","male",19,"very annoyed",TRUE
"a4ddc341-63f8-4336-a5d7-4ceb7ca0b7b8","male",19,"annoyed",TRUE
"2291614a-e21f-4a33-acf7-a1bfa62bc2d8","male",21,"very annoyed",TRUE
"c585dd75-e453-4297-a5a0-a10b14a78868","male",19,"annoyed",TRUE
"ec3a3720-cf76-4c74-b48f-4debfeb2e6c6","male",20,"annoyed",TRUE
"2e3e6e8b-f5d4-41f6-946b-6b9c041dbf36","male",19,"slightly annoyed",TRUE
"75c87141-c0cc-425e-b858-f3dd6d033c66","male",20,"annoyed",TRUE
"aed088b6-780e-4f3d-8277-be0389c072e3","male",20,"very annoyed",TRUE
"d34f2ce6-85ec-4cd5-92ab-05a698f22c56","female",20,"slightly annoyed",TRUE
"ec86e8ea-fa24-46f2-8afb-9a721d66fafa","male",19,"annoyed",TRUE
"79998611-ef82-4e1c-b7e8-7fde22cf37d3","male",19,"very annoyed",TRUE
"b38b48ab-eca4-4dfe-8344-ca9f6c57027e","male",19,"very annoyed",TRUE
"11d4ad76-e74a-4938-a607-43c821ef02f6","male",20,"very annoyed",TRUE
"e17570a0-659a-45ce-bfcb-ee3b0c1e7ed9","male",20,"very annoyed",TRUE
"5602585a-32e4-4927-b770-3cbb1226e658","female",19,"slightly annoyed",TRUE
"4437a063-dede-4917-b6d7-5fa897dafdce","male",20,"not annoyed",TRUE
"c508b8b2-f985-40ee-ba6f-8a4fa4c95d20","male",19,"slightly annoyed",TRUE
"0ccd2644-3064-48c0-ba06-b9294a6344f4","male",19,"annoyed",TRUE
"367ac555-bf6f-4ca4-9565-b541ffeaa79d","female",19,"slightly annoyed",TRUE
"8fc51ae3-8540-4986-8390-934f36633d80","male",19,"very annoyed",TRUE
"c766f70c-078c-484e-bdad-c4d9d048a167","male",19,"annoyed",TRUE
"c8a6f981-38b6-42b6-a504-ad89982c38fd","male",19,"very annoyed",TRUE
"d72c7350-11c9-471d-9acf-ac647cfff451","female",21,"annoyed",TRUE
"23ae4b20-6765-485a-b598-bf0ce0ee7939","male",19,"very annoyed",TRUE
"35736522-7a1f-4f34-968e-7c8c51c77cb7","male",20,"slightly annoyed",TRUE
"410e345f-8c73-4f0e-8df6-cda128fa4248","female",19,"annoyed",TRUE
"6b1125fe-d037-4f5b-ad3e-7019ca55afcc","male",19,"annoyed",TRUE
"8ecbf4da-3c4f-46f8-a0fd-43cd72bbfa37","female",20,"very annoyed",TRUE
"a343c0d5-3ccd-462e-8721-f2223bfc4bae","male",19,"very annoyed",TRUE
"ede56a3d-8ba5-4a1d-bca2-db4b14d2831e","female",19,"annoyed",FALSE
"f9a81074-dfef-43b3-b5d9-5dbc098e68e7","male",19,"slightly annoyed",TRUE
"32fdec0f-212e-4521-8b09-d4c640f76f84","male",19,"very annoyed",TRUE
"517c1837-22d3-484d-9105-e867ffef1986","male",19,"very annoyed",TRUE
"7ed60857-8d40-4d9d-8a45-f6577ee76f41","female",19,"annoyed",TRUE
"a6fd79f8-7bb5-4875-8ec1-6cc5a86716d1","male",19,"annoyed",TRUE
"11ba703b-2e27-4161-99de-2508337f268e","male",20,"annoyed",TRUE
"a104447a-1682-42e5-933f-0e334997d0d7","male",20,"very annoyed",FALSE
"82a07e6b-9dc1-42bb-94f8-35eb8747e025","male",19,"annoyed",TRUE
"cba0d18d-31b0-4d7f-99a1-71e960c8db13","male",19,"annoyed",TRUE
"d0c4c327-fa41-481e-9a6c-f44f0f40644d","male",19,"slightly annoyed",TRUE
"ef69a56f-d66b-4578-8439-7fd9d1fae1a5","male",19,"slightly annoyed",TRUE
"f8d36f66-ad3a-408a-bca8-f6711bbe2d24","male",19,"very annoyed",TRUE
"1938c15b-0db0-4073-89a4-d4ebd50be90d","male",19,"very annoyed",TRUE
"069f763a-ecaa-478e-8788-56cd5ebff1ed","male",19,"annoyed",TRUE
"2bd51587-7131-46db-ba3f-5226b7e3db29","male",20,"very annoyed",TRUE
"31e75f4b-4bda-4a8f-a6fc-4173e6f462ff","male",19,"I can't say",TRUE
"3d393435-a2aa-4478-9307-87e1884c7b3e","male",19,"very annoyed",TRUE
"45761d19-e19b-4795-8215-a6fc841c8450","male",20,"annoyed",TRUE
"4ee1080c-fbbe-4b4b-b8b6-f4e1b8e76114","male",19,"slightly annoyed",TRUE
"53c3458b-0db4-44f8-9fe3-22c5803e1528","male",20,"very annoyed",TRUE
"541acbf3-296b-4bbd-8975-439127f3df36","male",19,"annoyed",TRUE
"5ba160f0-27ff-4d4a-8b83-207b0ab8cd68","male",19,"annoyed",TRUE
"6173eeae-d36f-45ed-8fea-869710fe8ec8","male",20,"very annoyed",TRUE
"652c58f7-6f72-48c2-b3b3-43c22c688e4d","male",19,"annoyed",TRUE
"7b3ece16-abe6-4e24-97f8-95395f7da5bc","male",19,"very annoyed",TRUE
"7c3d12e1-164f-4add-aa16-3eae05509fdc","male",20,"very annoyed",TRUE
"94d7d994-232d-45e2-8ea7-fcdfa790351f","male",19,"annoyed",TRUE
"a9b8682e-58e7-47fc-b281-3208ccd786e0","male",19,"slightly annoyed",TRUE
"b8733244-c6fa-4714-a321-348abd235d48","male",23,"very annoyed",FALSE
"b8f8f7c7-4ef9-4872-b456-6b62ed7e7fb3","male",19,"annoyed",TRUE
"c6d91a83-4c4a-400e-9d39-6e8d33da5654","male",20,"annoyed",TRUE
"ccb1d96f-6cc2-40c5-870f-44e0f35dd104","male",20,"very annoyed",TRUE
"d237144f-52e5-4735-b4e2-5d3919826770","male",19,"slightly annoyed",TRUE
"d4773b74-aae4-4970-a8ca-5ee46b8a0426","female",21,"annoyed",TRUE
"f1a3aee2-0a0f-4949-8609-b7c5db60193a","male",19,"annoyed",TRUE
"2e43e79b-0e08-4409-8690-9ef09d9aaeb9","male",19,"very annoyed",TRUE
"4a0a588f-52d6-4186-8ccf-d4c40fc5d68f","male",19,"annoyed",TRUE
"611c6586-eadc-4ca0-818c-fcfe3bfb9a32","male",19,"annoyed",TRUE
"6b8120a7-1991-4085-aba2-eb2f67fb5218","male",19,"very annoyed",TRUE
"8c8bd1be-d032-4831-9018-a1e3cf318d69","male",20,"very annoyed",TRUE
"8c98d45c-f5c5-4e91-9784-6dbdaaad25e3","male",20,"very annoyed",TRUE
"8feda737-e303-4671-a191-fdcf40bb0085","male",19,"very annoyed",TRUE
"c6689d91-29a6-4a2a-ae77-12cb76d2300f","male",19,"very annoyed",TRUE
"ce666528-22fa-480c-8818-20c270ce477c","male",22,"annoyed",FALSE
"d582ae68-d9ad-4c66-bda9-fc30a1b36d40","female",19,"very annoyed",TRUE
"e0b78f9d-35e9-4842-bb07-f0f14f810ae4","male",19,"very annoyed",TRUE
"eb054b87-c330-4f1c-b22b-01d266df4650","male",20,"very annoyed",TRUE
"f44d90fe-e994-4afa-9ee4-c0a47dd96958","male",20,"slightly annoyed",TRUE
"f67dccf8-f988-49e2-9aa4-09f9c823bd52","male",20,"slightly annoyed",TRUE
"f9558547-ae4d-4548-b22c-0ec6734b5a68","female",20,"annoyed",TRUE
"41d8c5ef-43fa-4898-a003-67eef50a864f","male",21,"very annoyed",TRUE
"754d0931-50d4-4664-a21b-032f9976fb80","male",19,"annoyed",TRUE
"96d38e2a-8910-435b-8061-0b17990ec1f6","male",19,"very annoyed",TRUE
"2635dbd0-2754-4755-919e-672006479e8b","male",19,"annoyed",TRUE
"df3e0cbf-8841-4606-93a6-72bfe421d6ba","male",20,"annoyed",TRUE
"1eabb788-9459-4b2b-80ec-1084bb81cfb6","male",20,"slightly annoyed",TRUE
"b47545ec-06be-49c7-a76c-76014b26fb0a","male",20,"slightly annoyed",TRUE
"4a64417d-3692-4c8c-b69e-1ef38b98e5a2","male",19,"annoyed",TRUE
"00946ebb-8925-4a92-9ef3-793f2b4f4471","male",20,"slightly annoyed",TRUE
"8079d726-6666-45c6-9a43-3801d479a6de","male",19,NA,NA
"c11fd922-ccf1-47be-ac06-252f860d40c0","male",19,"annoyed",TRUE
"770d3c2b-227e-41dc-81cf-4d35041942f3","male",58,"annoyed",FALSE
"803d2bf4-1553-4371-9331-ab1743f8cc45","male",19,"very annoyed",TRUE
"697ced1d-1d2d-4418-aede-b5e7209af2ec","male",23,"slightly annoyed",FALSE
"1469e48a-5cf3-4a03-bc43-01cab6b2e194","male",19,"very annoyed",TRUE
"647fdce8-ae42-426a-95ec-26d893c936af","male",19,"very annoyed",TRUE
"565b1e76-c47e-477b-b8b4-bf208bd581c8","male",19,"annoyed",TRUE
"914d33f3-8219-41a5-bff7-aaebe020882d","male",19,"very annoyed",TRUE
"ae0b4304-e7c9-48df-92ca-fdc7ca281535","male",19,"annoyed",TRUE
"04ceb6ac-fe32-4e0d-bdc4-938dd82eb0ca","male",19,"very annoyed",TRUE
"168af920-bc76-4c0b-8875-3a03ea7911e7","male",19,"annoyed",TRUE
"4148c33e-98a4-49b5-b36e-50c8600d4808","female",29,"annoyed",FALSE
"8c5f0a25-d922-48cb-aad6-95481f0c0901","male",19,"very annoyed",TRUE
"ca992eb5-39a2-4dea-bc0d-0d0c2ea4d742","male",19,"annoyed",TRUE
"fdb0b7dc-8a8f-4220-9000-43e60b7c1df2","male",20,"annoyed",TRUE
"3b87f9b0-ebb3-49d7-9d86-990499e18c4e","male",20,"slightly annoyed",TRUE
"551d9799-013e-4df4-8c33-e3937faa7e5a","male",22,"very annoyed",FALSE
"647bb8fb-6609-4ed0-84a9-839cd192ef37","female",21,"I can't say",TRUE
"eb61fe3e-ccce-4413-b6c9-b9b1674c7e39","male",19,"very annoyed",TRUE
"52db0984-aaa7-49af-a930-50494494d092","male",19,"very annoyed",TRUE
"5f965965-69d6-41cf-bc51-50f258f4cfd6","male",20,"annoyed",TRUE
"62ad74b8-7ad3-4b23-9653-fbd5f74ceefe","male",23,"slightly annoyed",FALSE
"ac7be5fa-e5e6-4161-8012-65f8ac9ee39f","male",20,"annoyed",TRUE
"69101c99-60da-447c-93b2-b4d3eee54320","male",21,"annoyed",TRUE
"8e31827a-fb98-4f9d-af8d-9e3fae0a328d","male",47,"very annoyed",FALSE
"d246697f-7f7b-4ea4-a326-15a9f543ca33","male",23,"slightly annoyed",FALSE
"581e0f91-12a9-4ad9-9ca2-7e4cf8281ab7","female",19,"very annoyed",TRUE
"10bed04b-450b-4f9a-8ef8-ffe524e2f48d","female",20,"annoyed",TRUE
"32f842f9-d277-4526-a32e-bd2fe4174966","female",19,"very annoyed",TRUE
"3a635f27-0b8f-411f-9cd7-e36db6537bf3","male",19,"annoyed",TRUE
"8710daa8-b58c-4470-a724-4679fb3d8716","male",19,"very annoyed",TRUE
"a6d4a9c7-f0fa-4b5e-ab6b-1d3407af35c8","female",20,"annoyed",TRUE
"ba9a9ec6-510c-45ff-a61f-d3b7456ccd18","male",19,"very annoyed",TRUE
"19ee9b62-2d98-49a6-9deb-a8419f2933f8","male",20,"slightly annoyed",TRUE
"91a171c0-ef9a-40a1-a736-34a6b864e57f","male",19,"slightly annoyed",TRUE
"c20bbace-9d18-4ce6-b385-ffc7b453f035","male",19,"annoyed",TRUE
"e2eaa9f0-3b50-4e2a-9c0e-3e1fb47949cc","male",21,"slightly annoyed",TRUE
"03f41187-ea42-45fa-9c8c-d021890d247d","male",19,"very annoyed",TRUE
"1bc77565-4e9a-4582-842e-2442b6e39a45","male",19,"annoyed",TRUE
"54f4c75d-bbb9-4291-9ed7-71ecb7e74b0f","male",19,"very annoyed",TRUE
"87a98ee9-e476-4d76-a52a-3b519a0b657e","female",19,"annoyed",TRUE
"eb81ce56-733e-4248-8127-1a1938c806b8","male",20,"annoyed",TRUE
"238ded10-81a9-4a4d-9355-209118b9cd82","male",19,"very annoyed",TRUE
"4c325d3f-2379-4cce-986c-57144d31a6b9","male",19,"annoyed",TRUE
"62edd5fe-5608-4724-9d7d-9906cff56551","male",19,"annoyed",TRUE
"99856552-0b81-4e9f-a910-6fe109a8d8f8","male",19,"annoyed",FALSE
"af1ec1bc-bd0d-48b4-8749-707bd87177c9","male",23,"annoyed",FALSE
"c3639e2e-1288-491e-99e1-b7e64c701782","male",20,"very annoyed",TRUE
"e04797b0-6044-4835-8bee-2e15e818b176","male",20,"annoyed",TRUE
"f6664961-1064-4b6a-a3b4-f8885f2d1f6f","male",19,"very annoyed",TRUE
"02fe9294-e538-4303-b00b-a91074c0932e","female",19,"very annoyed",TRUE
"273bb46d-62a2-4d6a-9253-bc197a2622c9","male",22,"slightly annoyed",FALSE
"5caeaa92-1366-4f91-8bad-af7fe10b7439","female",19,"very annoyed",TRUE
"5d5f4a4a-39d2-48b0-af3b-02eaf0033411","male",19,"annoyed",TRUE
"62af2467-a6ce-434c-a190-24b525143f72","male",19,"annoyed",TRUE
"6e72e13d-d24f-4e5a-ab41-a84b6df495f9","male",21,"very annoyed",TRUE
"792ec168-92fe-45f9-887f-82051d90521c","male",20,"annoyed",TRUE
"8ebe996e-597a-4b6c-b8b8-660d9bd30fe1","male",20,"I can't say",TRUE
"acb35e9e-d7a0-479f-9423-1b567db52579","male",20,"slightly annoyed",TRUE
"b2aa0f05-cfba-4f04-b648-977988323862","male",19,"slightly annoyed",TRUE
"b69de6ab-97ea-4910-a642-e00da57958ee","male",20,"very annoyed",TRUE
"bf839e21-3be5-4096-8384-6469b42ad7e4","female",19,"slightly annoyed",TRUE
"ccd9efbf-01c9-40e8-9d60-4191d2702f2d","male",22,"slightly annoyed",FALSE
"dd7e7041-2f4a-49d7-a860-127a675119e6","male",20,"slightly annoyed",TRUE
"df60f2bc-2c47-40a6-b550-23eeee70c4fd","male",20,"very annoyed",TRUE
"e2e4d258-20ae-4265-ac90-bead67693cba","male",20,"very annoyed",TRUE
"e8998277-dfda-4c31-aea6-a63be1248aa9","male",19,"very annoyed",TRUE
"000daa17-159c-41bb-9fbf-b29850cdcc10","female",19,"very annoyed",TRUE
"08123974-96e0-4848-b8a6-f5efcc37330b","male",19,"slightly annoyed",TRUE
"0a89cd22-7be7-4fc2-8480-b6ed88a223f9","male",34,"very annoyed",FALSE
"121cb987-2314-4642-be66-5f6e071e1c1d","male",19,"slightly annoyed",TRUE
"32439cc3-4ecb-4d6f-9999-581f3683d8e2","male",27,"very annoyed",FALSE
"333c6ac4-bf97-41c8-b1fe-c78f70a2994b","male",20,"annoyed",TRUE
"37486b9d-9c11-42c3-95c6-bc8a4eeaff33","male",19,"very annoyed",TRUE
"44c703fd-dc89-44a8-a642-6df9930705df","male",19,"very annoyed",TRUE
"6149071a-8226-448b-8052-d3b5f5a8bdc5","male",23,"very annoyed",FALSE
"74be9478-0e99-4846-81b5-dc34c2c890cb","male",23,"annoyed",FALSE
"874259ae-58b0-415f-a817-f6701692e3aa","male",19,"annoyed",TRUE
"8b9d68e3-5cb3-4184-ba81-904ea2f4ab78","male",19,"slightly annoyed",TRUE
"9d2cc9a5-a0f8-441a-83a2-7308985b7248","male",19,"very annoyed",TRUE
"aa7d20bb-a23c-4476-89d9-a4702e8c9ee6","female",19,"I can't say",TRUE
"b69538b8-e362-4658-bffe-35e121892707","male",19,"slightly annoyed",TRUE
"e42d2e65-3e24-477e-95ca-addea562cee9","male",19,"annoyed",TRUE
"eeddd7a8-fc0a-4bc2-b10b-0bba483b8d6d","male",19,"very annoyed",TRUE
"07fb831e-8eb7-4c51-96e3-09c13a5a08ef","female",19,"annoyed",TRUE
"1102c6b5-04f2-44b9-9e0f-f2953fb09acd","female",19,"annoyed",TRUE
"14d6b0ef-7ce7-46a2-a416-83846d4db471","male",18,"very annoyed",FALSE
"1b8278eb-0252-42aa-819e-52c74ea6b0c3","male",19,"very annoyed",TRUE
"453b0d14-c853-45ad-9f62-fea3d3624cc1","male",24,"slightly annoyed",FALSE
"461945a4-fd00-4725-bbd3-bfca9861e189","male",20,"very annoyed",TRUE
"4713d985-5777-4b98-9af5-1fd3f8837313","male",20,"very annoyed",TRUE
"48979062-11c0-4322-b309-f7ce515b1370","male",20,"very annoyed",TRUE
"5559be72-e718-4bda-b5f7-ac50e3de3f62","male",20,"slightly annoyed",TRUE
"596c316a-f1d8-45c6-ae81-44b12d275889","male",19,"slightly annoyed",TRUE
"62e27bc0-9929-4169-997b-46b1620fd5ef","male",20,"very annoyed",TRUE
"6875d249-cdb9-4326-8d08-f91dc8fbbfe2","male",19,"annoyed",TRUE
"777b0627-369b-4392-b1e0-2a8d66143065","male",19,"annoyed",TRUE
"77dda5fc-9a2c-43fa-b5f2-79ed0b53c189","male",19,"very annoyed",TRUE
"79162ea4-2a49-4a76-b67b-6d0cc068d5c8","male",19,"annoyed",TRUE
"7d712248-2cd0-4de4-a466-ed0e737c9525","female",19,"annoyed",TRUE
"7fbdc255-430d-4c11-aecf-dd148ea5ba0d","male",19,"very annoyed",TRUE
"86caa7e7-5b85-4175-a81f-a76555ae1b63","male",19,"I can't say",TRUE
"86f25283-495d-46a2-ac82-a59a6c41ea13","male",19,"slightly annoyed",TRUE
"8eddea4f-e362-4102-b4cd-bc3c908315bd","male",20,"annoyed",TRUE
"91281e75-3f76-44c5-9042-7c07ba04efbf","male",25,"annoyed",FALSE
"917c2c66-b589-4e8a-8431-3a9ccee3dbb2","male",19,"very annoyed",TRUE
"9aa6c926-57a2-4f39-b274-682bf2491d37","male",19,"very annoyed",TRUE
"a0353e32-aff8-440c-af05-b4b2300108cc","male",19,"very annoyed",TRUE
"a1c9a74c-a466-45f3-99c5-f863673754b7","male",19,"very annoyed",TRUE
"a31b9dd6-6a86-4fab-a07c-b5988dbf7036","male",19,"I can't say",TRUE
"a3f1c5ff-45d1-4aa1-9776-14781089222b","male",19,"very annoyed",FALSE
"a46b9360-9b52-46f4-920c-14ba57f0737c","male",19,"very annoyed",TRUE
"a76f771e-6072-4ca7-860c-ccba04610375","male",19,"annoyed",TRUE
"ace0d3ae-876a-49bf-86f1-4be06bbc48bc","male",19,"very annoyed",TRUE
"ad216570-6d6a-48dc-a880-22ecbb7a165c","male",19,"very annoyed",TRUE
"bf4a5cd0-1688-4b66-8efb-4d7b93b18e54","male",19,"very annoyed",TRUE
"c0f2bed2-887f-4771-b119-2be1d83338e4","male",20,"slightly annoyed",TRUE
"cac0d400-86d6-4e63-b0a8-51f00ecc1906","male",25,"very annoyed",FALSE
"cba660ba-d1fc-4855-952d-1c3a38d5a7d0","male",19,"annoyed",TRUE
"e4985b75-bf0d-4df6-80d0-a38d84e18407","male",19,"very annoyed",TRUE
"e70b1e5a-830b-4cbc-bfc6-442a9b1f79ce","male",20,"very annoyed",TRUE
"e9619bec-f3d3-4046-bcf1-efe28937df41","male",22,"very annoyed",FALSE
"f3a9c56b-e28b-4f53-ba9e-360bcd44911d","male",19,"slightly annoyed",TRUE
"76a95ce0-5252-4d0c-9e20-5b9c9d9e8a1e","male",21,"annoyed",FALSE
"c5147354-bbb7-445b-9b24-26b5b8354a9c","female",23,"annoyed",FALSE
"388920ae-0253-425e-a7ad-fdc63fa59613","male",21,"annoyed",TRUE
"7891a746-dd81-46e9-a193-44520dfef16f","male",20,"very annoyed",TRUE
"1e893171-0376-4fe9-b509-ba5755ca1508","male",20,"very annoyed",TRUE
"429b228d-844c-4036-a4ed-5c89281c3721","male",23,"slightly annoyed",FALSE
"c20b10a2-98ab-4620-a9e2-c0c07e27fc16","male",20,"slightly annoyed",TRUE
"39649e1f-db34-48a7-9ab4-a0bcefc47525","male",20,"annoyed",TRUE
"4ba5fd2e-a347-4b8c-9a7f-d3ffea7e8a34","male",19,"annoyed",TRUE
"8438717a-f7a9-40cd-be09-19b83206dc0c","male",20,"slightly annoyed",TRUE
"a43ab016-39d8-4706-86b6-549071d6d968","male",21,"very annoyed",TRUE
"ce31640a-3020-493b-a31f-fce3ff223532","male",19,NA,NA
"0502eb6c-766d-4321-92cc-9a35cb9f2e42","male",26,"annoyed",FALSE
"35f14707-5b8c-4755-ac88-af9a83de8b98","male",20,"very annoyed",TRUE
"4a951eaa-8a0d-49c7-8d3f-6842d44cb4b6","male",22,"very annoyed",FALSE
"57a29713-729b-4cad-927f-abaacac80e27","male",21,"very annoyed",TRUE
"6aaf098c-60de-4e03-990e-1ff2a1a99f9c","male",20,"very annoyed",TRUE
"7bbdef9d-b778-4fdd-ade1-a346c6c74794","female",24,"annoyed",FALSE
"7f174b17-9585-49ee-b9fe-4cfc59ca686d","female",18,"annoyed",FALSE
"868eb0fa-5969-44d9-b60d-b4256e727c04","male",20,"annoyed",TRUE
"9a1ac5c8-df2e-4b40-bc34-65153483abad","male",22,"very annoyed",FALSE
"bad3bfa3-2041-499a-9c67-62bd949f15bd","male",20,"very annoyed",TRUE
"c85306ac-97ac-4521-bc31-5ab7c0a6629c","male",22,"annoyed",FALSE
"e88b5a8b-eee6-4ec2-b4db-bab18f28c7d3","male",19,"annoyed",TRUE
"f5f97f87-4e04-441b-8722-e39a12b9af54","male",19,"annoyed",TRUE
"06a4f42b-ae3c-4df7-b9f8-60a229ed66e8","male",19,"annoyed",TRUE
"10140c06-3154-4fc4-a745-004449c8298c","male",21,"very annoyed",TRUE
"436f6fd0-1c80-4b2d-964c-fbbdbea4d347","male",21,"very annoyed",TRUE
"49dbd88b-44a5-4ab3-ab4b-f221c334c4fd","male",21,"annoyed",TRUE
"683a894a-be55-4ad1-864d-aadfd04a48be","male",19,"slightly annoyed",TRUE
"6f4b8b08-dd34-4484-b72d-f74ed5339ca1","male",20,"very annoyed",TRUE
"73811728-3542-427c-990d-d52feefa6c3e","male",19,"slightly annoyed",TRUE
"a1e4b10d-c842-4204-89fa-155e1aa43ab4","male",19,"annoyed",TRUE
"afeb4b09-f439-4afd-8ba9-dd4aac2ca94b","male",20,"very annoyed",TRUE
"b0e34a9a-62d7-4e7c-8351-1813bd8bce17","male",22,"annoyed",FALSE
"b20643a9-e1f6-46e5-8894-2b57a212ddf2","male",21,"very annoyed",TRUE
"b6cfd443-0817-4e68-a330-c500d9b75239","male",20,"slightly annoyed",TRUE
"d8df25aa-6046-4b30-8933-2a568be78ee8","male",21,"annoyed",TRUE
"187fdf57-057e-436f-8a27-4a4b428af655","male",19,"very annoyed",TRUE
"79b668f2-a6c8-4fb5-94f1-f6ccd5e8acc1","female",20,"very annoyed",TRUE
"218a8ed4-eddd-438e-a1b5-b6530e33c07c","male",26,"slightly annoyed",FALSE
"34882a25-7032-4f2e-b7e9-9d697f2743ce","male",19,"annoyed",TRUE
"b6a0b2e0-7eb7-45f5-94b4-3ecadad7b160","female",20,"annoyed",TRUE
"b9f54ee5-2d24-4274-baec-ca0d04964da6","female",20,NA,NA
"27d69274-836d-4b30-a547-87724994d17b","male",21,"very annoyed",TRUE
"3a4717a7-299d-4aad-9174-685be49b1861","male",18,"very annoyed",FALSE
"a19cd3b4-072d-4a9b-bfa8-10660dad6f10","female",20,"very annoyed",FALSE
"a735fd55-ff14-4c78-86b4-770ae9a7080c","male",20,"very annoyed",TRUE
"bfca8552-daac-4285-ba77-3d272e705726","male",21,"annoyed",TRUE
"d6747eb2-81f3-48d3-b387-1e556fef52b6","male",19,"slightly annoyed",TRUE
"7041d73d-8bed-4a03-b3ee-e76afa2e384f","female",20,"very annoyed",FALSE
"1eb84a67-ff7f-4e16-bdf4-cd8e6e23fc95","female",20,"annoyed",TRUE
"6c0967c2-0342-4702-9828-bf8e267a5ad0","male",20,"annoyed",TRUE
"0ae02c2c-6497-4ebc-a84b-58d0504d6013","male",23,"annoyed",FALSE
"5538e11f-3bd1-4476-8a0f-5e3717190fec","male",19,"slightly annoyed",TRUE
"504db510-1187-4515-8539-fea8855ef5e8","male",20,"very annoyed",TRUE
"ec4d35b7-4f66-4610-952f-cb96dffcfedd","male",21,"annoyed",TRUE
"e567b058-4269-4033-a944-6ad9c8b65811","male",20,"annoyed",TRUE
"14e5074e-3d4c-41ac-8ae4-fa61bab3a894","male",21,"annoyed",TRUE
"57136830-e822-412f-a5d3-b4fc27c114bf","male",19,"annoyed",TRUE
"ccc67f3c-7c29-4b1f-94f7-0b4bf3cf586d","male",19,"slightly annoyed",TRUE
"f9620862-e7f0-414f-9d74-41d3f0d26b73","male",19,"annoyed",TRUE
"31fac907-fd90-4755-8ec2-7d66fd9f421d","female",30,"very annoyed",FALSE
"88d32559-2096-4821-adea-5627dc97e9a2","male",20,"very annoyed",TRUE
"e1cca8de-a902-42fb-883d-a092d06e46e9","male",19,"slightly annoyed",TRUE
"e6e4541c-0d59-4f14-a9c3-daa9260cd60c","male",19,"very annoyed",TRUE
"f3bc9c90-cf0c-4b12-8cbe-9a9bddc343ad","male",19,"very annoyed",TRUE
"e8e565a2-d15e-43ab-b02c-1d2a033fef07","male",19,"annoyed",TRUE
"358c9e45-1bf9-4f43-8505-47b2723c8681","male",20,"very annoyed",TRUE
"cdff057a-bdf0-41e5-9734-a87b493f1fda","male",19,"very annoyed",TRUE
"3b12bc76-019d-4f60-a16b-0cd7291776ff","female",19,"slightly annoyed",TRUE
"460f81a7-a8df-43e9-b001-b8b6a0b51072","female",19,"slightly annoyed",TRUE
"022b3146-8667-4983-a4d1-7e975130cfb0","female",19,"very annoyed",TRUE
"b2fc07b7-ef9d-4ce7-b8cf-38fa6b9e7e72","male",23,"very annoyed",FALSE
"f2adc14a-2b0f-42ea-92ad-5215ca62d293","male",21,"very annoyed",FALSE
"ae7a7b95-8b80-4a25-94c0-ddb9a49a0be0","male",19,"very annoyed",TRUE
"7a8f1b48-8c33-484e-8109-b25c5845dae3","male",20,"annoyed",TRUE
"46af980a-4d2a-4de5-a996-c8cbc18b3143","male",20,"annoyed",TRUE
"e4496797-7bbf-4489-8d99-1ecd01ce5832","male",19,"slightly annoyed",TRUE
"0345faec-d405-4890-9445-3d1eebfff409","male",19,"slightly annoyed",TRUE
"049346b0-75b9-408e-ad46-3c437058319b","male",20,"very annoyed",TRUE
"17ffabfd-c74a-4f7c-96c9-e290d41c67c4","male",20,"very annoyed",TRUE
"65eb0d66-9de4-49a4-aefe-bf78b70f756a","male",20,"very annoyed",TRUE
"76498a3f-182a-4b35-a6b3-ece19f17352c","male",19,"annoyed",TRUE
"8170e72f-0b18-4d7e-9732-7e5f6ca1a009","male",19,"slightly annoyed",TRUE
"aac45339-440e-43dc-9a68-19714e42e36f","male",20,"very annoyed",TRUE
"d625990b-d1af-4a26-966e-daaedf139493","male",20,"very annoyed",TRUE
"e6ddad91-9df0-418b-af85-baf8e1a8bca0","male",21,"annoyed",TRUE
"f996b80c-f923-4733-a52b-7a2eb355d5bc","male",23,"slightly annoyed",FALSE
"0046a917-ab27-42e3-a869-69fe68d852aa","male",19,"very annoyed",TRUE
"1c16aced-97f9-4ffe-8693-335904d22ccc","male",20,"annoyed",TRUE
"5bac2f12-701b-40b1-a169-f3f995229cca","male",19,"slightly annoyed",TRUE
"6362578f-5f05-46a7-ad5f-a9ae78ec9c6a","male",19,"annoyed",TRUE
"7eaf5787-ff14-4c04-9439-4cf70c5fe20f","male",20,"annoyed",TRUE
"853202f8-d1fe-4475-bf64-4fc28a9d1e9d","male",20,"very annoyed",TRUE
"a0531ca8-0654-4106-8bdc-436bc3855a84","male",20,"very annoyed",TRUE
"0099ddf5-379e-4690-b3f4-4374c18ecbcf","female",20,"very annoyed",TRUE
"07164ebf-2fb1-4e61-b41a-c88b0a10ffe8","male",20,"very annoyed",TRUE
"2cc80450-2e53-42ac-8928-c51038f87217","male",23,"annoyed",FALSE
"33d8e1a6-f13d-4ec2-9ec9-5cbb302b64fa","male",19,"very annoyed",TRUE
"4347064b-5dfd-4700-90b5-8237fc779eff","male",30,"very annoyed",FALSE
"45a1d9c7-8dd3-4288-b0ca-5adf41658808","male",21,"annoyed",TRUE
"9be3eecd-10b7-45be-8366-e900ce341456","male",21,"very annoyed",TRUE
"9cadca51-9ae4-4df9-8e61-8f616e48f151","male",33,"slightly annoyed",FALSE
"afc7c7e5-bd9d-4f6e-8171-95272adbb97e","female",19,"annoyed",TRUE
"b975e797-f35c-4eda-9674-b81f1cc6fd25","male",19,"annoyed",TRUE
"d125e175-cede-489d-9691-56fd86b0c39f","male",20,"very annoyed",TRUE
"dc8c4bc5-35ae-4131-b600-beaeecde023f","male",20,"very annoyed",TRUE
"f7461302-467e-4ca5-bed1-93d6e38b1d90","male",46,"slightly annoyed",FALSE
"0a4a6f19-10f1-4fcf-a8f1-5383b9fd6c09","male",20,"very annoyed",TRUE
"11a556a6-99f5-4359-9577-4cd7b55bb84e","male",20,"very annoyed",TRUE
"123d1286-f124-4458-b2b1-c8e94a8838de","male",21,"annoyed",TRUE
"2728c546-9048-4536-878d-4c8ad29600d7","male",21,"very annoyed",TRUE
"3e9084dc-8823-4990-9898-78b9e22d21c7","female",20,"very annoyed",TRUE
"40d28e2d-d87c-4b65-a819-74a8f2b31c3c","male",22,"very annoyed",FALSE
"45636bc9-af18-4c83-9384-bba900ea8bff","female",23,"very annoyed",FALSE
"48973285-2bdb-4a21-9b1d-9f60d472ee69","male",19,"annoyed",TRUE
"4b37d376-f581-4644-bee4-07fb0591645f","male",22,"annoyed",FALSE
"53b68ccb-3d60-43f5-8e3e-3b5d60bd446c","male",19,"annoyed",TRUE
"58ba3fd4-ab4b-4c1f-9439-a3cb6f386f25","male",19,"very annoyed",TRUE
"62d769c8-f229-4267-b7ab-38455f14691f","female",21,"annoyed",TRUE
"6d92e1c7-0f6a-4d5d-9f96-d594c9eb4710","male",20,"annoyed",TRUE
"707ba40b-3181-433f-888e-9b3a6d8596e5","male",19,"annoyed",TRUE
"77d0262d-a9c6-4567-967f-eca99734f1b8","male",19,"very annoyed",TRUE
"7e2cb9dd-c7a4-42be-9a94-e41412bb3564","male",21,"very annoyed",TRUE
"850f9a4a-159e-44fa-8274-b4132a97f9a3","male",24,"annoyed",FALSE
"8961ae46-cae5-4b25-9fc4-238666ade692","male",20,"very annoyed",TRUE
"a0468095-a6d5-4587-a26f-132fff8a7ea0","male",20,"slightly annoyed",TRUE
"aaa958a5-32fd-4f7e-aaa2-6a9d2ab424ef","male",21,"annoyed",TRUE
"c08883a0-06df-4123-9752-daf10d1ccad7","male",20,"very annoyed",TRUE
"c39e2fcb-84ac-4493-aa0b-a8160d67369a","male",20,"very annoyed",TRUE
"c6536515-8583-4be4-969f-778bd2f17c2f","male",21,"very annoyed",TRUE
"c947e18f-8b3e-44d7-a426-4688acf1dd77","male",25,"very annoyed",FALSE
"da5f7651-2d5f-437c-ab25-355c9f5324cd","female",20,"very annoyed",FALSE
"fa2b2729-d458-4ac0-b72f-47d495ca4580","male",21,"annoyed",TRUE
"fadb41b2-c4b6-4803-af99-acab24441005","male",22,"annoyed",FALSE
"fc77054f-3c0b-42ca-8653-88fbfbc4d046","male",20,"annoyed",TRUE
"fd2a0034-d9b4-4556-9371-b7828001e652","female",19,"annoyed",TRUE
"aa2ca06f-f92a-440f-889e-f871d224c5c8","male",20,"very annoyed",TRUE
"12445dcf-1066-41de-b272-ad96905ba561","female",25,"slightly annoyed",FALSE
"81e7a84a-9f2c-44a5-b1d9-c76d4728a0c7","male",21,"I can't say",TRUE
"b087f07b-8e8d-4a58-a439-a5d047599926","male",21,"very annoyed",TRUE
"b7b24f41-35f4-46b7-838f-42c4709bfc76","male",19,"very annoyed",TRUE
"d6e20592-e3b1-459a-b494-79d098cad60b","male",21,"annoyed",TRUE
"06de9545-66e0-49e4-a133-34462f505ece","female",20,"slightly annoyed",TRUE
"094fcaa5-b00f-40d5-a443-06d961453dca","male",19,"very annoyed",TRUE
"2ea773f8-35e6-4820-8d72-a5b6349a4854","male",20,"annoyed",TRUE
"314347c3-57c4-4384-bfc3-4c24d136f57a","male",19,"very annoyed",TRUE
"33273a59-08d5-4b5d-bfa0-37d490fbc030","male",20,"very annoyed",TRUE
"35fc9fa6-54e7-4985-8920-334e06b4cd3e","male",22,"very annoyed",FALSE
"4a292160-e265-4fb0-b5dd-e2129c67c717","male",20,"very annoyed",TRUE
"70c98c55-d4d2-49aa-b1be-27eccf856a30","female",20,"very annoyed",TRUE
"7df67355-b418-4e04-a682-85afcde44452","male",22,"slightly annoyed",FALSE
"99b80392-1a3b-445e-832d-413a353d3dde","male",19,"not annoyed",TRUE
"b25257eb-f33b-40c9-8e04-c4630f058f22","male",24,"slightly annoyed",FALSE
"d90e8cc2-8e61-46e4-a8e1-82e0f99e63f3","male",19,"annoyed",TRUE
"eee9ddbc-c4e8-488a-b83f-eee7f28eda5d","male",19,"annoyed",TRUE
"012a43c7-044c-4d57-9330-34519dc3fd35","male",21,"annoyed",TRUE
"0b4fa5ba-5158-44c8-8aea-8e0b0aad1da2","female",20,"annoyed",TRUE
"0e19c048-9e31-44ad-bc6d-9f7d030823bf","female",19,"annoyed",TRUE
"11ebdace-627a-415c-9607-04c10bca76fb","female",20,"very annoyed",TRUE
"18e1d7af-f1ce-4b05-a61b-ae052816be8b","male",21,"annoyed",TRUE
"1999f5fd-bb40-43c5-bfcc-09629feda391","male",19,"not annoyed",TRUE
"20b36282-2b76-408f-8ff3-2a024b7aaa85","male",19,"annoyed",TRUE
"3028755b-303a-49fa-8c37-5f780e48d724","male",22,"very annoyed",FALSE
"31c71871-890d-432a-87eb-cc39d8b77cf4","male",20,"very annoyed",TRUE
"3774de35-d875-41bb-b03f-407c86860f5b","male",21,"annoyed",TRUE
"3b616786-fe0c-401c-8f88-98979b6ea56b","male",21,"annoyed",TRUE
"3f5fd96e-741f-4d53-85ad-c48f867cddf9","male",20,"very annoyed",TRUE
"4005bcab-cfe2-4a01-9f0e-3ac401401621","male",19,"slightly annoyed",TRUE
"404620d5-fb01-4d4c-9576-f2b1f0faadcf","male",19,"annoyed",TRUE
"49546f9f-cdda-42ec-8efd-f562a9fdd539","male",21,"very annoyed",TRUE
"49661856-4703-4766-a920-3dd4e19dac03","male",35,"very annoyed",FALSE
"4b3d9777-dfd6-4ae2-9a4c-12ddac8508f9","male",21,"slightly annoyed",TRUE
"4ee47421-5328-4730-a807-d2392585aa0e","male",20,"slightly annoyed",TRUE
"53793d58-35fc-4ea6-a5c4-8e45da2265c6","male",19,"annoyed",TRUE
"5b123e42-c6df-449b-99ee-c5586f50c94c","male",20,"slightly annoyed",TRUE
"5e3c476f-98a5-44c9-887d-0d04d5e90441","male",20,"annoyed",TRUE
"5f9ec5f0-866e-48f1-8260-60306998af7f","male",19,"slightly annoyed",TRUE
"62d80d7f-dfae-4477-998b-cc4ad7b26c93","male",19,"slightly annoyed",TRUE
"63a85500-5cc3-4c25-bc0d-68b419603ff9","male",22,"very annoyed",FALSE
"645f9536-bdaf-458f-aaf6-8ceed940d20c","male",20,"very annoyed",TRUE
"68a92734-599c-4199-8e08-bee5604f767e","male",32,"annoyed",FALSE
"70081671-efc6-47f2-a3e4-65fb0d702915","male",21,"annoyed",TRUE
"760627c6-8e6f-4a6c-a8da-81d12c7b1544","male",22,"annoyed",FALSE
"76678971-a8b5-4238-9d0e-7f4843118bfe","female",20,"very annoyed",TRUE
"7e1bc15e-7ceb-42ad-a2a4-64504a5a92ee","female",19,"annoyed",TRUE
"80cbdcf7-18c9-4bb5-9e47-b8658df51dc7","male",19,"I can't say",TRUE
"8479bad5-a23e-4e15-af91-864a4c2ae8d6","female",20,"I can't say",TRUE
"884d5d3c-b895-4880-a3be-a611952636c7","male",20,"annoyed",TRUE
"a4c653fe-95eb-493a-935f-45030566b645","male",20,"annoyed",TRUE
"ac0c3513-2026-4aba-9d64-78e04c3739dd","male",20,"annoyed",TRUE
"b09be277-67eb-4732-8b76-7fdd89ce9910","male",20,"very annoyed",TRUE
"b8225650-67a8-4c25-a691-36df31d99a3c","male",19,"annoyed",TRUE
"c5280416-f221-4411-bba1-7b4353429705","female",20,"annoyed",TRUE
"d9ae471b-7cca-4847-a1e8-39e4c4f249d3","male",20,"slightly annoyed",TRUE
"dbf36168-2aa4-4171-9701-f8066c6056ab","male",20,"annoyed",TRUE
"dc3858bb-591f-4394-9206-345378fdb943","male",20,"slightly annoyed",TRUE
"dcb45a87-6e62-428b-982e-5313c1248e60","female",20,"annoyed",TRUE
"e1a30ee7-f181-4765-8c1e-d426843de0e5","male",21,"annoyed",TRUE
"e300e2c7-1129-4aa2-bd37-4445c2fc0de5","female",20,"annoyed",TRUE
"e3277f13-3141-49ff-9e80-1b8c88876daf","male",20,"annoyed",TRUE
"e62a20a7-c792-4e25-be0b-3c942ed8e4be","male",20,"annoyed",TRUE
"f45a7a56-c29a-472f-b8fe-d11588e4910f","female",19,"very annoyed",TRUE
"f5b34612-1f93-45b2-9539-da9c5952bba1","male",35,"very annoyed",FALSE
"fb6d9f5c-001f-466a-8f48-f790b49a8373","male",20,"very annoyed",TRUE
"a60d850e-f918-4404-9225-00063fbdf30a","male",34,"very annoyed",FALSE
"30350b24-f0cc-4a1a-bb69-04930f758330","female",35,"slightly annoyed",FALSE
"0cd36170-fda4-4db1-a7ee-c5898109ef4b","female",23,"annoyed",FALSE
"3d9330e8-3587-473c-a0a5-a2cba3f962f4","female",21,"annoyed",FALSE
"7cf57ebc-9bd7-4497-9886-e1b7b94b17a6","male",41,"annoyed",FALSE
"0e8779a6-e7c0-41d4-b0d9-9b1987e763aa","male",21,"annoyed",TRUE
"7ea2a933-842a-4690-bf5b-3dcb3399c8ac","female",22,"annoyed",FALSE
"ac0009ad-ef85-4a5b-95fd-8cac93df1546","male",33,"annoyed",FALSE
"6697e496-8b2b-484a-9c4b-48a68a27dbcc","female",39,"annoyed",FALSE
"84f50744-445b-4c00-b7c1-2dec4234ae08","male",27,"slightly annoyed",FALSE
"268f7dbe-3e89-4175-b1cb-210a129e4057","female",30,"annoyed",FALSE
"3506e2a3-40f4-4c77-984c-554b9b055c47","male",42,"annoyed",FALSE
"7582e3a2-bb61-4db8-ad8c-4893e8f81a43","female",19,"annoyed",TRUE
"850c9702-3f51-4cc1-bb2d-351971777620","female",53,"annoyed",FALSE
"8a354a81-e36e-4a85-be42-a66d595e0752","female",43,"annoyed",FALSE
"0383a728-d876-4144-a7f4-3d01a3c59044","male",32,"very annoyed",FALSE
"59fe4438-bd58-430d-a0b3-2a9aa2b7db02","male",20,"annoyed",TRUE
"331e33c5-4cb4-4f9c-9f24-70aed1ecd74f","female",53,"annoyed",FALSE
"07ad1454-3ce4-437f-bba2-3b4d8c4c5fac","female",26,"very annoyed",FALSE
"2add57f9-7a27-420d-a528-a974a3881d83","female",34,"very annoyed",FALSE
"f6f5c5b7-044c-408b-b92f-e943551d4289","female",45,"very annoyed",FALSE
"2ef3681e-130e-4139-b857-691da72949c0","female",48,"annoyed",FALSE
"c7df8233-b3e0-4236-9bf7-635a9e2e567b","male",27,"annoyed",FALSE
"400de272-649f-4f19-8a43-2fdcb5bc8795","female",20,"very annoyed",TRUE
"eae1878b-8374-4f82-9a44-51d5981785ab","male",20,"annoyed",TRUE
"1483560c-2c52-4842-a3a7-093f961dac19","female",32,"annoyed",FALSE
"e12646b5-7bc7-48d2-bfe1-98e8fa4c2a20","male",25,"very annoyed",FALSE
"9694a2f5-bb0f-4aa1-a678-74251196eff4","female",27,"slightly annoyed",FALSE
"2c50e7ed-8100-4ec8-9b72-471723a751fe","female",28,"annoyed",FALSE
"44667187-5d80-48ce-9b70-ff89985cd189","female",31,"annoyed",FALSE
"75e17730-7d43-41dc-9d77-bc3cb70ca3c1","female",31,"I can't say",FALSE
"a0d58fa1-7d65-4960-9102-84e6ef11e04c","male",42,"annoyed",FALSE
"c2ca6834-d887-4b03-859c-f83803db0d3b","female",27,"slightly annoyed",FALSE
"bd36e237-1f12-4f8b-859a-fe216f284c25","female",35,"slightly annoyed",FALSE
"86e524a3-2900-4a98-8522-74deb16a0935","female",28,"annoyed",FALSE
"010599af-d5f9-4ac2-adb3-765bfce65098","female",38,"annoyed",FALSE
"5f64b24b-11f1-4d57-a929-b15de18a16d8","female",24,"slightly annoyed",FALSE
"0b2c6a18-a927-4232-831f-e21bbd44bd45","female",35,"annoyed",FALSE
"3da9a51c-ec03-447c-a16e-c797d0ba57b0","female",32,"annoyed",FALSE
"d2c0c26e-8b1c-4347-b4f9-e01710780fd1","male",26,"very annoyed",FALSE
"3530ff7d-0b40-45dd-9e49-90bb776c73f9","female",29,"slightly annoyed",FALSE
"cf7f8569-88ae-4197-9578-574009457e92","male",19,"very annoyed",TRUE
"dbf3f13f-3144-43b1-9fcf-dca188f7270b","female",29,"annoyed",FALSE
"3058bec5-a258-4927-a0df-30242d08dd0d","female",26,"slightly annoyed",FALSE
"683df1e1-9267-48bb-a6d5-907b5fecef3d","male",25,"very annoyed",FALSE
"9d2db976-2cfe-4a68-b05b-6fc256f158b1","male",36,"annoyed",FALSE
"df0c70fa-e28b-4314-b291-0298d29797ab","female",44,"very annoyed",FALSE
"e0d424d8-7191-4661-ad5f-9a81b4247a0d","male",46,"slightly annoyed",FALSE
"ff55fcb7-7e38-4e5d-b6ca-374c0dd100cc","male",55,"slightly annoyed",FALSE
"2e08c1d1-9cb5-45d9-aa18-688e949faf5a","female",24,"very annoyed",FALSE
"50d4c8b5-40c8-4b7e-ba23-3995213ee2eb","male",20,"very annoyed",TRUE
"6dd62435-e9e7-4b2e-93ba-a1d77a1230ea","female",43,"not annoyed",FALSE
"7434d517-3c77-4660-9ef0-3cdbbf6a207c","male",20,"annoyed",TRUE
"00ff7450-5ca6-4c30-a4df-12d1d3bfcfac","male",19,"annoyed",TRUE
"0641ee19-5ea4-4034-9f9f-91feb174f655","female",38,"I can't say",FALSE
"0a0f6637-1df3-4aa0-958d-0f750ce71265","female",15,"annoyed",FALSE
"0e2e6819-c85b-4686-8290-243346a161cc","male",15,"very annoyed",FALSE
"135b1659-8e77-45aa-9d70-dbde1d732faf","male",15,"annoyed",FALSE
"159214ae-1865-42d5-b69c-634f35f3556b","female",15,"annoyed",FALSE
"1c8ad6b1-5294-4464-a6af-4a4c74cedc90","male",15,"slightly annoyed",FALSE
"1f0ec08e-11b6-4c69-8932-8d4e3e5ee145","female",15,"I can't say",FALSE
"260c3a40-2716-4ffc-9b3f-2910daf8effe","female",16,"annoyed",FALSE
"28a4eb88-c258-4898-9829-ac46a1eb0c96","male",15,"very annoyed",FALSE
"2ded3172-e1e1-475d-9ef5-86d5c9f53b84","male",15,"very annoyed",FALSE
"2ff37312-1bc6-449e-96c6-2001501ce0b2","male",35,"very annoyed",FALSE
"35a2f2f4-63ae-4354-9732-d3b7e1f0ea8a","female",15,"very annoyed",FALSE
"364d2a4c-db49-4d27-aafa-3a994a34a923","male",16,"slightly annoyed",FALSE
"3ccdda9b-eef1-4ea4-b9d0-7cf6307ae07c","female",16,"slightly annoyed",FALSE
"43c506a4-da3b-4a97-afca-0e93c653155f","male",16,"I can't say",FALSE
"46487865-22d2-457e-bf37-0293fe72a7de","male",15,"slightly annoyed",FALSE
"4892be2f-f010-4c6f-855c-5c271f1b79df","male",15,"annoyed",FALSE
"4b422834-9abf-47e6-a682-4b2a32442cd1","female",42,"very annoyed",FALSE
"4bf17e5b-738f-487b-891b-4ad7b3c753ca","female",26,"annoyed",FALSE
"4c66c458-acc7-4bcd-828d-62babe8204e5","male",17,"slightly annoyed",FALSE
"507f1bbd-3206-4125-a818-48a54681e2be","female",15,"very annoyed",FALSE
"513d3e6c-9a04-4435-a142-d37751cef8e5","female",15,"annoyed",FALSE
"578519fd-574f-48c9-888a-584b4c6b8065","female",15,"annoyed",FALSE
"6365abb1-9ed5-4b69-94bd-66f7d1cbf8bf","female",16,"slightly annoyed",FALSE
"6f06d5a5-945a-4083-8603-2c07a8c138e3","male",16,"very annoyed",FALSE
"7becbb38-bbee-457c-8b1b-4c0024225e5a","female",15,"very annoyed",FALSE
"81a92e60-dd73-401d-aaf5-ad76f82360ec","male",15,"annoyed",FALSE
"84587bdb-79af-4305-9e5f-e5d98b0be6fe","male",23,"very annoyed",FALSE
"84de709d-c1d6-4e64-82af-6fe822cc3815","female",15,"I can't say",FALSE
"8f87a1e8-c9af-4f37-aded-6ff0b25ba9cf","female",16,"annoyed",FALSE
"9c8bcb79-5ce0-49a8-9a33-f5607e1e4b13","female",15,"slightly annoyed",FALSE
"a7be57be-63b6-4b2a-876d-414e61179012","male",15,"annoyed",FALSE
"b1ce510f-0f0b-44f9-89e8-27c0f48546d2","female",16,"very annoyed",FALSE
"c1533824-ff0d-4090-b74f-fca4869b2fb6","female",15,"annoyed",FALSE
"c4fe805d-d30d-456c-9cac-e3ccad6443d7","female",16,"very annoyed",FALSE
"c8394f0a-9dd9-4fba-9980-ff5cfabfc52e","male",16,"very annoyed",FALSE
"d04375c9-9fe2-483c-bb96-091f130b36ba","male",15,"slightly annoyed",FALSE
"d58bbe32-81c8-4322-b84c-5f493fecf70d","female",16,"annoyed",FALSE
"ef51db83-5e38-4690-a08a-8a443e51f044","female",16,"very annoyed",FALSE
"f437a3fb-99ef-4e10-bcb1-93c1052e961a","female",15,"very annoyed",FALSE
"fbecdde1-6b0c-4c0d-8b16-337008513791","male",16,"annoyed",FALSE
"017da7e7-5aaa-4c98-9389-6441a84b1c80","male",16,"slightly annoyed",FALSE
"05c9fcc3-b82d-4db7-a6e7-10cdb6cd914a","female",16,"I can't say",FALSE
"05e015fd-52ea-44b1-9745-1d2fe12b13df","male",19,"slightly annoyed",TRUE
"06bc1bac-e6ca-4280-aee0-6376cf4291bf","female",15,"very annoyed",FALSE
"07442a4f-8d38-4c97-b24f-84a6c52a3b1a","male",16,"annoyed",FALSE
"07aa5083-2990-439d-8c10-b93ce1ca6609","female",15,"annoyed",FALSE
"0b8542d6-5b6b-42ff-af59-95b78120c8dc","male",19,"annoyed",TRUE
"15ab923a-dbbe-431a-9b23-afed31c386e7","female",16,"very annoyed",FALSE
"16f5e839-a68b-434e-b303-bcc0b3bd357b","male",16,"annoyed",FALSE
"2215fe44-d894-422c-ac60-720c8ab37c82","female",17,"I can't say",FALSE
"32651211-218e-4a29-8c23-043f1c216c26","female",15,"annoyed",FALSE
"3a7281a3-c1ba-48d7-884c-2cac8c241dd8","female",15,"annoyed",FALSE
"4050b2e4-f087-4039-a60b-1455dced51b3","male",15,"slightly annoyed",FALSE
"5662e123-0992-4b1f-8807-9ff0e4ed2e83","female",15,"slightly annoyed",FALSE
"596ed0cc-e3d5-4c7b-855f-2a85b9a2d3b7","male",16,"slightly annoyed",FALSE
"5e9f5f35-af9b-4999-bf29-a299582e10f1","female",15,"very annoyed",FALSE
"651073ec-3b60-49d6-87a4-0b035d647197","female",15,"very annoyed",FALSE
"6736ef41-6532-497a-aa95-9be7fb030001","female",15,"annoyed",FALSE
"72bb0ec5-75f1-4e25-b2b2-2624f6479e95","male",15,"very annoyed",FALSE
"7b3ed5a5-532a-49f1-81d9-12dcc7d224e2","female",16,"slightly annoyed",FALSE
"90058b65-9325-4397-b650-eeb8e4e6b13c","male",15,"I can't say",FALSE
"a1c2cb33-3b04-4f93-9d7c-573c4f96e238","female",16,"very annoyed",FALSE
"a3fc298b-46e4-4501-8645-b2e86127c236","male",36,"very annoyed",FALSE
"a5fd0035-9a41-4812-9ab8-8b41d357845c","male",15,"I can't say",FALSE
"b52bbd14-8ee6-4602-8f1d-15d9debd9d9d","male",23,"annoyed",FALSE
"bf31665e-2788-48e7-b07e-b64155aa1343","male",37,"annoyed",FALSE
"c3c2b5ca-7ddc-4fe2-a4c0-9d6cfc9e2d40","female",15,"slightly annoyed",FALSE
"c4d6e2e2-2ba4-4bb0-bd63-da17bef4d2fc","male",17,"annoyed",FALSE
"c91c692a-cc48-4ca2-84ff-ec3114602b62","male",16,"slightly annoyed",FALSE
"cc2ceb8a-0cbe-4712-9233-8507ab3c6de5","male",16,"very annoyed",FALSE
"d1760dfe-b0e3-462d-92da-e91f99ba5942","male",15,"annoyed",FALSE
"d5235f2b-468e-4c1a-9863-30a5db7bfaed","female",19,"annoyed",TRUE
"e4b16583-0da3-40f5-bb01-3505f0544be6","female",15,"very annoyed",FALSE
"e6ab43fb-6d88-4343-baca-037e194a9c3b","female",15,"slightly annoyed",FALSE
"e6e8d037-566c-4447-b95d-669d252adb24","female",16,"slightly annoyed",FALSE
"e6eb5264-2286-4a5e-af11-18ca910971a2","female",15,"very annoyed",FALSE
"f0228bdf-1991-4732-93bb-913b1a902680","male",16,"slightly annoyed",FALSE
"f34b5b1c-e2ee-4a69-975b-402b9496a16f","male",19,"annoyed",TRUE
"f36e0f4e-f443-4fc4-877d-245fb60997e0","male",16,"very annoyed",FALSE
"f3ae5ac2-56ff-482f-95be-99f4e79d88ab","female",16,"I can't say",FALSE
"f490ce9d-3fd9-4667-8eaf-90bf40578ed9","male",21,"annoyed",TRUE
"fdcfdce2-98dd-4833-8602-e29dff6ed1bf","male",15,"very annoyed",FALSE
"fe43fca4-5927-4ca1-be72-2f16603672ca","female",16,"very annoyed",FALSE
"02ee56cf-7a86-4238-8760-696e76745c18","female",27,"annoyed",FALSE
"1da9a4e8-eb1c-4f23-9f3a-3fb94fde4f15","female",31,"very annoyed",FALSE
"2b887dc3-ccf1-42e5-a71a-ab7f20155871","female",27,"very annoyed",FALSE
"0c998693-efaa-49aa-931d-1c24692a3449","female",29,"very annoyed",FALSE
"0ec8994d-6c81-4904-aa3c-9316eca300b1","female",28,"slightly annoyed",FALSE
"9ac105fc-91c4-4c4e-93ac-2bb84951c3b5","female",33,"very annoyed",FALSE
"9d19d97a-2935-4a3e-b772-8a897fb9bd73","female",44,"very annoyed",FALSE
"bb989099-ab22-4b23-b9ea-13549e13a426","female",25,"very annoyed",FALSE
"ce5ecfe1-6dc5-4f9b-ad5b-7b4f665fb498","female",41,"annoyed",FALSE
"1f9b66e7-f865-4e01-9152-f87d72f22e9b","female",21,"very annoyed",TRUE
"2d1a1248-aca5-4eeb-9e2c-79f27adff7a0","male",21,"annoyed",TRUE
"53481a43-3e95-4ebf-a824-c2598712c025","male",35,"annoyed",FALSE
"6ebddd4e-c225-4db9-b53e-29a80d3e31f9","male",35,"very annoyed",FALSE
"752e0f60-ff8b-40d2-b257-5dfd70b0cfc8","female",19,"very annoyed",TRUE
"9f2113d7-4b0d-4a0d-818b-83146301dc27","female",20,"annoyed",TRUE
"a3940aea-9b77-4064-a2b9-6e57664138e8","female",32,"very annoyed",FALSE
"a657a79e-0045-4ca1-9801-76950e415ace","male",69,"slightly annoyed",FALSE
"b514795c-21ad-4734-887e-075bb2848ef5","male",33,"slightly annoyed",FALSE
"d47b9a70-34e8-44c1-b833-0a419e5d8ebf","male",31,"very annoyed",FALSE
"00d6b9aa-7661-43d7-b7e1-6c2b1ee6bae9","female",35,"slightly annoyed",FALSE
"1b1e93c9-b5f6-4ce7-95ef-de3b6399893b","female",44,"slightly annoyed",FALSE
"1e425c93-6a55-40b5-8bdd-967375bfefac","female",31,"very annoyed",FALSE
"2de11557-4ca0-4362-9581-4b333a88204e","female",32,"annoyed",FALSE
"54e68181-846f-4bcb-a189-f2afc0dd4ac8","female",26,"annoyed",FALSE
"59d9af10-0edd-42fc-8c46-dac968933f03","female",20,"I can't say",TRUE
"73b69ed1-e3be-489f-9b00-da968fa80bd9","female",32,"annoyed",FALSE
"79e622f4-f8db-40a0-b72b-c0fedcf38ee3","female",15,"annoyed",FALSE
"81095465-92f2-4be1-929a-106f9d561372","female",36,"slightly annoyed",FALSE
"83fbab14-dd24-49c5-946f-a2d51dc77ba3","female",25,"slightly annoyed",FALSE
"9030b3ef-15d5-4b08-ab15-744ddb5efbeb","male",46,"annoyed",FALSE
"955e5528-579e-4853-a3d6-a348c645dcb9","female",24,"annoyed",FALSE
"c167fb0a-1963-40a2-ae63-db056e2164e3","female",27,"annoyed",FALSE
"c88be04f-8f9e-4e55-b29e-86ae09cf55a9","female",30,"slightly annoyed",FALSE
"d4ac7e0b-7e0d-4a05-a2cf-9db72315ad84","female",29,"annoyed",FALSE
"fc463a1c-9f84-485b-9e6e-e43a2bdaa20f","female",25,"very annoyed",FALSE
"19574f15-cd76-4ceb-9994-51f3a7d90d95","female",33,"annoyed",FALSE
"1b37ed56-03fc-4531-9564-8e8bcc64baaf","female",38,"very annoyed",FALSE
"407728b6-55be-4ca2-88e2-39c6790ff4a0","female",20,"slightly annoyed",TRUE
"71c3d371-dad8-4d33-8bc8-802858c5bbdd","female",28,"very annoyed",FALSE
"a6f315ad-8dd4-4743-bb9f-a3d4e584d121","female",28,"very annoyed",FALSE
"ca44d293-5051-4f54-a769-f5deaa7b0e84","female",35,"very annoyed",FALSE
"d1a9f20d-b1ca-4dfe-af54-987d28c8680f","female",27,"slightly annoyed",FALSE
"d2eeea19-5021-4ba4-bb5f-bf5259994952","female",30,"annoyed",FALSE
"fc4ba2b7-605f-4b4b-b5c0-7efd054955c7","female",55,"annoyed",FALSE
"4045c912-c4db-450c-a8d4-a8850b4f5e8e","female",41,"annoyed",FALSE
"6376f02d-3c5d-4726-9274-4015e798313c","female",31,"very annoyed",FALSE
"6409ac2f-741d-4a21-875a-76bd091a8be6","female",23,"very annoyed",FALSE
"6925d1d5-6761-4a2c-a196-39c483eb23df","female",37,"very annoyed",FALSE
"7d1db61a-108b-4d04-815e-bdb49312330e","female",29,"slightly annoyed",FALSE
"8f663a88-e987-42d3-8391-dd8606fff25b","female",30,"annoyed",FALSE
"a5ce694e-d3c8-49a6-bf67-830badfcf4a0","female",32,"slightly annoyed",FALSE
"ae2e7cc5-db28-4757-8ff2-a05ac157e953","male",31,"annoyed",FALSE
"bc4dd397-0fe6-41ca-8a91-69c95b7f9443","female",24,"very annoyed",FALSE
"cb5356c0-909e-4ca0-8a8c-ed02bc877ab3","female",25,"annoyed",FALSE
"de062c6e-253f-491a-9dfd-32af70f72220","male",35,"slightly annoyed",FALSE
"e09e6391-b4a0-48c4-89d2-58c692b968ae","female",29,"very annoyed",FALSE
"e66f4154-d3e3-486b-bab2-d8d1aba2dcd1","female",37,"slightly annoyed",FALSE
"f52ab5cd-e369-4bb4-aa59-3000724c5d0d","female",30,"slightly annoyed",FALSE
"1e85bf80-4839-4de8-8f06-6a37f42901e0","male",49,"slightly annoyed",FALSE
"9916c1fb-eb23-45bd-9e02-717d88f6e053","female",28,"very annoyed",FALSE
"b78b6eb0-ce26-4c86-ad5f-80495ea3dc82","male",33,"slightly annoyed",FALSE
"d44d88db-f0ca-45d0-9b45-a56cd0edc65d","female",27,"very annoyed",FALSE
"18095ff4-b7d4-4e84-a706-2e90894f05d8","male",49,"very annoyed",FALSE
"2184e5b7-10b3-4c62-be87-efd13d09178d","male",60,"I can't say",FALSE
"26f29fcc-dc03-4f59-bf04-ded2b34a3bac","female",44,"very annoyed",FALSE
"3c3944db-d7ee-4ffb-ab1b-20c9115c2d49","male",43,"very annoyed",FALSE
"40de5e3b-59da-4a48-980b-78a6764cc39b","female",30,"annoyed",FALSE
"9d597c8a-84bc-4bbd-a407-15f65c3f32f3","female",23,"very annoyed",FALSE
"bc000687-8cee-40d2-a07a-79f05d9f9352","female",25,"very annoyed",FALSE
"d3b5dc49-b6e9-40af-bd66-9404a2e01ec0","female",25,"annoyed",FALSE
"2da70f34-f748-4d8f-959c-9ac17c47b430","female",33,"very annoyed",FALSE
"4d4a2494-69af-467b-af8c-227ee1daf1a8","male",21,"annoyed",FALSE
"d0c642b2-e4cc-496c-a673-4ff7c2253b32","male",51,"slightly annoyed",FALSE
"e37c08fc-6cbf-4d77-addf-1b89df3af5aa","female",23,"not annoyed",FALSE
"ef77cf37-14b0-4059-80bc-e5fd1653d0f4","female",32,"slightly annoyed",FALSE
"32bc3e92-8bf5-4ec4-908f-d59f9cdc26a2","male",21,"very annoyed",FALSE
"b4e28fff-d3e5-40b5-8442-29b9bb01e4bd","male",58,"very annoyed",FALSE
"eda68759-c1ae-4298-bd20-608eb3453a94","male",55,"annoyed",FALSE
"1a09145a-0d37-4b37-8813-785a04b120d4","male",40,"very annoyed",FALSE
"1a722f21-1527-42c5-b3d2-dfe7c16a883d","female",25,"annoyed",FALSE
"22330e74-9dc4-459c-98b1-b8dc253cb74a","male",26,"annoyed",FALSE
"5768b05d-be32-42bb-803f-3dcda3380bd4","female",30,"very annoyed",FALSE
"7ec1563b-04a3-42d2-9f50-2de5f2701378","male",33,"annoyed",FALSE
"028582a6-cd2a-4018-ba31-c90d8d0a6b8b","male",35,"very annoyed",FALSE
"0830d800-ba8b-4928-8ae8-155ae35c3d83","male",35,"very annoyed",FALSE
"2bc379f9-4597-4d44-92d7-68db11facf03","female",28,"annoyed",FALSE
"41ae178e-e8eb-4e97-891b-11a85f1cc727","male",36,"I can't say",FALSE
"5440c28f-d5a5-49c6-9a58-c4b5c83e21ca","female",20,"very annoyed",TRUE
"7314e6ec-528d-46c3-b6ab-ffb0e2723915","male",36,"annoyed",FALSE
"a4c7e9f5-250f-4a0b-b943-b5737075f33d","female",49,"very annoyed",FALSE
"e14daf94-8021-4253-9e6b-f22bd6fc8c31","female",22,"annoyed",FALSE
"01d424ca-fc1b-4184-81e4-d507495f2670","male",48,"very annoyed",FALSE
"bf3b27e6-1ef2-4446-9c7a-dbacdbe859c8","female",23,"very annoyed",FALSE
"d31e10b0-893e-441a-b094-25117b858eeb","male",60,"very annoyed",FALSE
"d51fc69f-ab71-473f-b160-e65ee417c078","male",34,"slightly annoyed",FALSE
"d948c545-e83c-4395-b571-c068ca6e606a","male",25,"annoyed",FALSE
"fb77385e-4173-436b-accc-80eda0e93d6b","male",29,"very annoyed",FALSE
"2578ad40-acb5-4cdf-9b5e-de8c2ea36c4f","female",36,"very annoyed",FALSE
"451f7fa1-c285-4a34-98c6-cd870879b8d9","female",53,"annoyed",FALSE
"4fddbd38-3e6a-4806-b206-4e15ad192f78","male",31,"annoyed",FALSE
"5de02e24-c6b9-4a4b-9695-d3515d5c5098","male",29,"I can't say",FALSE
"65449005-2089-4774-9a9e-1e6a256f0380","female",23,"very annoyed",FALSE
"68ca63c4-fe36-4d43-8d02-e8dea3bd75f7","male",28,"very annoyed",FALSE
"6c40df40-5935-4cac-8d61-b1de458306ee","female",49,"slightly annoyed",FALSE
"6d03b829-d39b-407a-a1a3-8ea8419e4295","female",31,"very annoyed",FALSE
"6fccadbd-ef9c-4127-ac8c-d86ac62111c1","male",66,"annoyed",FALSE
"7158b9d9-2c3a-47e0-b8ea-66d0b911e4ef","female",23,"very annoyed",FALSE
"7917b130-486e-4a38-bdc3-cdc9afa1c502","female",23,"very annoyed",FALSE
"871c7179-f151-4ab1-be2d-bcf07a30aae7","male",28,"very annoyed",FALSE
"a22b6697-0e80-45e2-8b04-38f18a2e7312","female",21,"annoyed",TRUE
"e185422d-1395-4dca-bf35-62a30bd014f4","male",24,"very annoyed",FALSE
"e4b3ca0a-9d28-4b79-9e08-a1981ef1000d","male",50,"annoyed",FALSE
"f8767aac-0579-4da0-9860-9446df0ea0f8","male",58,"annoyed",FALSE
"0190e4ff-93fa-4269-8182-d58bfedc4624","female",24,"annoyed",FALSE
"2958f439-1d5e-40e0-bf16-ade38d481412","female",31,"annoyed",FALSE
"2c59eb7d-1844-4825-81a2-366b4fd3689f","female",42,"very annoyed",FALSE
"316dbd52-7366-4739-a427-b95f40541830","male",37,"very annoyed",FALSE
"7b076758-fc4c-46e4-81b8-a3fe0345df54","female",31,"annoyed",FALSE
"e800ec44-b92c-4c73-b72c-e8d54fd71ae2","male",52,"very annoyed",FALSE
"13674b11-fe07-434d-bab8-887e9cfc7fb7","female",68,"very annoyed",FALSE
"13a9cfa5-8183-4886-8c1e-abfddf17a8f6","male",24,"very annoyed",FALSE
"2da7f943-c5df-4e3a-a1f8-51062ab6969f","female",36,"slightly annoyed",FALSE
"441af637-3bcb-42de-bf41-09bd480b7b78","male",19,"very annoyed",TRUE
"656532fc-0268-4d1f-84e9-0090ab22a4d0","male",22,"annoyed",FALSE
"674d3d1a-7a0f-4b81-b8ed-40b902078e26","female",30,"very annoyed",FALSE
"6de88401-cc0f-40f7-98bf-1ae9c504b780","male",58,"very annoyed",FALSE
"7d723817-c61c-4fd1-bcf1-2c2344de0f8f","female",18,"slightly annoyed",FALSE
"96b80b23-28c7-416f-80e4-24fed2684525","male",25,"very annoyed",FALSE
"98a90491-f413-4fe4-b7c3-6cacd19203b5","male",44,"annoyed",FALSE
"a09cfcfc-a4bf-477b-ac83-993be3187201","female",30,"slightly annoyed",FALSE
"b1a39ac8-55f4-4e1f-95e4-b2cb3de7a9bf","female",24,"annoyed",FALSE
"ba52b88f-40f1-429a-8a02-92daf85d12a6","male",28,"annoyed",FALSE
"c2b57827-2031-43cc-b783-c3505930f49c","male",20,"annoyed",TRUE
"cc426c83-c6e0-4aa6-8cae-1d1d6dda6db6","female",37,"very annoyed",FALSE
"cd65b2be-de31-49a6-b393-b20a54377560","female",35,"very annoyed",FALSE
"cde8df95-fde3-44e0-bf9c-e2b0855695d0","female",21,"slightly annoyed",TRUE
"d03fcffc-6084-474a-8914-49f8950dd2f6","female",54,"very annoyed",FALSE
"d2d9122b-3db1-4bf2-8fba-2bd056d750aa","male",50,"very annoyed",FALSE
"d3ccb49f-b860-4989-9837-0f652227c26e","female",23,"very annoyed",FALSE
"e055098e-4983-4223-8cba-41f7112ef42e","female",29,"annoyed",FALSE
"e384268e-47ed-40ea-a6dc-12e549114e23","male",21,"not annoyed",TRUE
"e72c33f9-63e0-4ee0-b37e-43f2079beb0a","male",35,"very annoyed",FALSE
"efc15145-ae37-495d-a818-d1c0a03b78ed","male",45,"slightly annoyed",FALSE
"4e90bf18-81f8-457b-a82b-5bdc45a78d3a","female",24,"annoyed",FALSE
"8da1ce2b-23ba-4295-8fc5-0242e8699053","female",24,"very annoyed",FALSE
"b71cf0fe-652e-41c2-862a-311b6cd24da0","female",37,"slightly annoyed",FALSE
"eff53517-9812-4694-8fff-d06e437366de","male",39,"very annoyed",FALSE
"2e9c58d3-7c95-4d28-b54c-f880442297af","male",23,"very annoyed",FALSE
"32df7883-ed7d-4a7b-942b-c2fc507823ff","female",36,"annoyed",FALSE
"f592e16c-8aa5-45aa-9a46-d613345c2833","female",25,"annoyed",FALSE
"03c76f9b-45a8-46e2-9bb4-f4fcdf5233bc","female",28,"annoyed",FALSE
"46cfec76-63a4-4ed7-a1fd-f24ff29951f9","male",44,"annoyed",FALSE
"5e9d414b-d01f-497c-bb9c-6d0a60a82960","male",35,"annoyed",FALSE
"dda252b4-4b4e-4407-b312-177c0c0bba01","female",29,"very annoyed",FALSE
"09707c38-7485-480d-b15b-6a30bd48b42c","male",30,"slightly annoyed",FALSE
"4479c750-44ac-44e6-b5b1-d447f14ed09c","male",26,"very annoyed",FALSE
"81612288-b16e-43ac-9511-cd66a264db6b","male",28,"very annoyed",FALSE
"0f764748-655e-4880-9189-30e842f3fc28","male",27,"very annoyed",FALSE
"5a19b8fe-7ec5-4d04-b32a-c72f972db3cd","female",33,"annoyed",FALSE
"72d2a073-939d-45e2-b9be-950b69a3b91c","female",25,"slightly annoyed",FALSE
"8bda3609-40bb-4b85-af54-6f8c8554ac80","female",43,"annoyed",FALSE
"9d91b140-ab84-4d60-96e5-555e386bb2ad","female",26,"very annoyed",FALSE
"bb3a77a3-9f29-4ea6-ba2d-f842599aae30","male",29,"annoyed",FALSE
"ce8053ff-98b0-472f-94b6-66f0e457565b","male",29,"very annoyed",FALSE
"f2ef66ad-42ab-4bc1-ba1c-1f097eb2d449","female",28,"very annoyed",FALSE
"fa81198a-3c6e-48cc-908e-128642878ee8","female",25,"annoyed",FALSE
"1d66d9fb-dbc9-4d58-84c1-3f843c634c14","male",43,"very annoyed",FALSE
"401f8b2b-12e6-4476-8543-859a853c3cfc","male",20,"very annoyed",TRUE
"46c9603c-201e-4cf8-8432-a9d738f9a80a","male",47,"very annoyed",FALSE
"5e8c3a3d-e35b-4069-8008-18706b23fa70","female",65,"very annoyed",FALSE
"7c54c8aa-cf89-43da-9830-5a98491bb898","male",42,"slightly annoyed",FALSE
"7d6849d7-2a8d-4756-ae7e-6f991bab4b36","female",29,"very annoyed",FALSE
"83fedfe9-e377-487a-ac27-4cf8ea283378","female",28,"very annoyed",FALSE
"88f9a9d3-e1d6-4580-bb1f-150159985390","female",47,"very annoyed",FALSE
"8b861f71-bf38-4c0b-81a6-567d48277c90","male",46,"annoyed",FALSE
"dbad603d-99b2-49a5-8f5a-dce0dfa089c4","male",32,"very annoyed",FALSE
"ddd32560-ca39-4155-a6d9-2231ad16e74f","male",37,"slightly annoyed",FALSE
"e5a07988-68df-4063-a14d-9e25f0c40c3f","female",34,"very annoyed",FALSE
"e8e08b4c-a669-4f63-a137-a3cbcdc343b7","male",40,"slightly annoyed",FALSE
"f966c616-8c2b-4568-aff7-2a82bf6a0490","female",23,"annoyed",FALSE
"fddf9280-0702-4fbb-b85c-c6a45e49a328","male",26,"I can't say",FALSE
"01a94da5-5453-4480-8ee5-a8e05502f0d3","female",49,"slightly annoyed",FALSE
"0ed40f47-dd94-4b81-997f-dc5080bbf732","male",32,"annoyed",FALSE
"1e0f1fba-cede-4d06-b920-793de2e49b73","male",24,"very annoyed",FALSE
"279759b4-eb00-4294-9b76-854c010ce541","female",35,"very annoyed",FALSE
"4395df9d-48a1-4fe7-a30c-417202403ead","female",33,"annoyed",FALSE
"4a627d47-a281-404d-9dbd-2f4492536b4c","male",36,"annoyed",FALSE
"567a75e0-4790-455f-a1b7-94b15982b786","female",30,"annoyed",FALSE
"59092ec4-c82a-42f4-a192-1e66c1513772","male",49,"very annoyed",FALSE
"5e2dfc88-91ee-4ed2-a007-5065f510f344","male",35,"very annoyed",FALSE
"5f7308e4-6c38-42d9-b18f-6e0837e2d20f","male",35,"not annoyed",FALSE
"671bf768-9136-4a2b-a2c2-b2ab0c0bdfe0","female",33,"very annoyed",FALSE
"7c1fea9d-341e-428b-9e97-81fcb077fbc1","male",41,"not annoyed",FALSE
"80cb3415-3e16-4bf0-869a-c401ff9d0a23","male",25,"annoyed",FALSE
"820afe58-e86b-4842-bc3b-e0d07633d9f9","female",26,"very annoyed",FALSE
"875f698b-e253-43f7-bdce-3808432078ef","female",34,"very annoyed",FALSE
"9ea267f8-6cbb-478f-aae3-d78c271948ef","female",30,"very annoyed",FALSE
"a1947319-3b50-414e-b1dc-f5314e402cf6","female",51,"very annoyed",FALSE
"b448cc40-68d9-4848-9abe-d057e1a0b8bd","male",26,"slightly annoyed",FALSE
"c252e3e7-f549-444a-9a32-64d7ba0453aa","male",43,"very annoyed",FALSE
"d258b4c9-f0d7-4b57-b7fb-4b5c83bc2ce2","male",42,"annoyed",FALSE
"e7d263ec-9f42-4e0a-bcff-4b19d0f7e25f","female",32,"very annoyed",FALSE
"1794cfb1-4bf3-425b-bfdc-623cac707a35","female",47,"very annoyed",FALSE
"5d4efcb2-1a25-4401-b046-82746cff7d74","female",30,"annoyed",FALSE
"5eea721e-b6e9-407f-a3e1-38010fdbbb98","female",51,"annoyed",FALSE
"6a0712fe-6ea6-49ee-b7bc-3588a3293e26","female",29,"very annoyed",FALSE
"7b971e72-9f7c-4678-ad12-b9ff305b0c79","male",38,"annoyed",FALSE
"a49497b0-ad78-4de4-bdf8-06d563b6045e","male",33,"slightly annoyed",FALSE
"aad56436-d1f6-44af-aa51-292b5bbefc64","female",34,"very annoyed",FALSE
"c3dab61a-edba-4403-a85b-8a490495c7c8","female",29,"very annoyed",FALSE
"f6dbc6be-6ede-4354-ab38-e32abe7d61bf","male",49,"annoyed",FALSE
"fa550ddb-43c6-4af0-a840-431681ce30b2","female",26,"very annoyed",FALSE
"fefd8d16-edc2-4b06-8f3a-f88690a1cab8","male",21,"annoyed",TRUE
"108003d3-9ad8-431a-bb45-b9dd9c050fe4","female",46,"annoyed",FALSE
"27d61c70-bf37-4b49-8cf9-47e869ebaf73","female",33,"I can't say",FALSE
"44518bf0-c889-4f54-8e96-b23838e33c98","male",35,"annoyed",FALSE
"7ee2bc02-fbf7-4d1e-b9fb-e55561f923f1","male",69,"annoyed",FALSE
"997451e0-6ad4-41c5-a58f-1226c5b313fd","male",67,"very annoyed",FALSE
"c682c867-fe65-4d06-b200-ad81b3e3aae6","female",28,"annoyed",FALSE
"0f288366-aa4d-4aeb-85fc-c4823d4c165f","female",29,"very annoyed",FALSE
"2e003c37-e966-445b-8d34-58ba202df47b","male",39,"slightly annoyed",FALSE
"4b42860b-4876-4ea1-b39e-4e3959f531f4","female",28,"very annoyed",FALSE
"5d80cda2-e846-4a48-a9ab-9343d301fd7d","female",48,"slightly annoyed",FALSE
"7b70d27c-b1d2-414d-ac70-a7cab6d3f65e","female",50,"annoyed",FALSE
"ab0284a7-6daa-43da-bcd5-a532edd89b23","male",42,"very annoyed",FALSE
"b1ba0c41-eb9b-4bce-ad1c-79cec4bdad21","male",34,"very annoyed",FALSE
"b45ceedc-e2f1-4e7e-83f1-1540f8a88a84","male",29,"very annoyed",FALSE
"bcdb97d1-a520-4278-8d5a-b32a63d9da27","female",29,"very annoyed",FALSE
"bd339191-2de3-4641-bdc2-e852df7b71ca","female",35,"I can't say",FALSE
"bfb15ee5-b1c4-4227-9f82-2bd6eeee2f04","male",34,"annoyed",FALSE
"c5961e40-65d4-4a68-a706-ddcb4eab1715","male",34,"very annoyed",FALSE
"dfdec389-2f1e-42fa-b220-ed1af8776523","male",34,"very annoyed",FALSE
"6695ec5f-96d4-4432-ba4e-f4b5d75d4e9d","female",23,"slightly annoyed",FALSE
"854d1e50-0f66-4bca-b082-441e7abe316b","male",35,"not annoyed",FALSE
"a2bd06e4-5805-4c23-9ccd-90a53c75ccb2","female",26,"annoyed",FALSE
"a75b5d16-e7dc-4190-9bb2-69b3e59fd9c9","male",30,"annoyed",FALSE
"bef5cd19-ad76-4182-ab6a-9df6136b644d","male",30,"annoyed",FALSE
"cec762f9-3015-4797-be98-002d0421a799","female",25,"annoyed",FALSE
"f4b769a8-55ab-4dfe-a0ae-ef9e6926d683","female",26,"slightly annoyed",FALSE
"a50c5907-bc61-49b3-b950-18de68d5591e","male",31,"not annoyed",FALSE
"4850f2b1-c875-4229-a86f-ee6f8afeefad","male",35,"annoyed",FALSE
"468f3cc5-a11b-445d-bf6c-e6314cc7cd0d","male",27,"very annoyed",FALSE
"f7ee5153-25e2-4047-b2bd-bb967a5533c1","female",43,"slightly annoyed",FALSE
"9950135e-d2d6-46bf-a4e9-9c34385fc165","male",63,"annoyed",FALSE
"ffcdc740-c4d7-4bbe-86c4-c569587abdfe","female",28,"annoyed",FALSE
"9b965bdb-9ab8-4849-bb8d-ebb02d3503a4","female",26,"annoyed",FALSE
"b40c4778-fece-4e87-9a79-a1c1154eab16","female",28,"very annoyed",FALSE
